iteration,input_physics_iteration,output_physics_iteration,physics_backend,physics_value_count,actuator_count,duration_sec,input_physics_json,output_physics_json,scada_poll_json,scada_downlink_json,actuator_state_json
1,1,2,dhalsim_epynet,30,11,0.46107516303891316,/home/lzh/MASTER/CODE/hydro-cps-sim/examples/c_town/output/runtime/json/physics_0001.json,/home/lzh/MASTER/CODE/hydro-cps-sim/examples/c_town/output/runtime/json/physics_0002.json,/home/lzh/MASTER/CODE/hydro-cps-sim/examples/c_town/output/runtime/json/scada_poll_0001.json,/home/lzh/MASTER/CODE/hydro-cps-sim/examples/c_town/output/runtime/json/scada_downlink_0001.json,/home/lzh/MASTER/CODE/hydro-cps-sim/examples/c_town/output/runtime/json/actuator_state_0001.json
2,2,3,dhalsim_epynet,30,11,0.3617378950002603,/home/lzh/MASTER/CODE/hydro-cps-sim/examples/c_town/output/runtime/json/physics_0002.json,/home/lzh/MASTER/CODE/hydro-cps-sim/examples/c_town/output/runtime/json/physics_0003.json,/home/lzh/MASTER/CODE/hydro-cps-sim/examples/c_town/output/runtime/json/scada_poll_0002.json,/home/lzh/MASTER/CODE/hydro-cps-sim/examples/c_town/output/runtime/json/scada_downlink_0002.json,/home/lzh/MASTER/CODE/hydro-cps-sim/examples/c_town/output/runtime/json/actuator_state_0002.json
3,3,4,dhalsim_epynet,30,11,0.36286435305373743,/home/lzh/MASTER/CODE/hydro-cps-sim/examples/c_town/output/runtime/json/physics_0003.json,/home/lzh/MASTER/CODE/hydro-cps-sim/examples/c_town/output/runtime/json/physics_0004.json,/home/lzh/MASTER/CODE/hydro-cps-sim/examples/c_town/output/runtime/json/scada_poll_0003.json,/home/lzh/MASTER/CODE/hydro-cps-sim/examples/c_town/output/runtime/json/scada_downlink_0003.json,/home/lzh/MASTER/CODE/hydro-cps-sim/examples/c_town/output/runtime/json/actuator_state_0003.json
4,4,5,dhalsim_epynet,30,11,0.36171153298346326,/home/lzh/MASTER/CODE/hydro-cps-sim/examples/c_town/output/runtime/json/physics_0004.json,/home/lzh/MASTER/CODE/hydro-cps-sim/examples/c_town/output/runtime/json/physics_0005.json,/home/lzh/MASTER/CODE/hydro-cps-sim/examples/c_town/output/runtime/json/scada_poll_0004.json,/home/lzh/MASTER/CODE/hydro-cps-sim/examples/c_town/output/runtime/json/scada_downlink_0004.json,/home/lzh/MASTER/CODE/hydro-cps-sim/examples/c_town/output/runtime/json/actuator_state_0004.json
5,5,6,dhalsim_epynet,30,11,0.3567594260093756,/home/lzh/MASTER/CODE/hydro-cps-sim/examples/c_town/output/runtime/json/physics_0005.json,/home/lzh/MASTER/CODE/hydro-cps-sim/examples/c_town/output/runtime/json/physics_0006.json,/home/lzh/MASTER/CODE/hydro-cps-sim/examples/c_town/output/runtime/json/scada_poll_0005.json,/home/lzh/MASTER/CODE/hydro-cps-sim/examples/c_town/output/runtime/json/scada_downlink_0005.json,/home/lzh/MASTER/CODE/hydro-cps-sim/examples/c_town/output/runtime/json/actuator_state_0005.json
6,6,7,dhalsim_epynet,30,11,0.35711340996203944,/home/lzh/MASTER/CODE/hydro-cps-sim/examples/c_town/output/runtime/json/physics_0006.json,/home/lzh/MASTER/CODE/hydro-cps-sim/examples/c_town/output/runtime/json/physics_0007.json,/home/lzh/MASTER/CODE/hydro-cps-sim/examples/c_town/output/runtime/json/scada_poll_0006.json,/home/lzh/MASTER/CODE/hydro-cps-sim/examples/c_town/output/runtime/json/scada_downlink_0006.json,/home/lzh/MASTER/CODE/hydro-cps-sim/examples/c_town/output/runtime/json/actuator_state_0006.json
7,7,8,dhalsim_epynet,30,11,0.35695432103239,/home/lzh/MASTER/CODE/hydro-cps-sim/examples/c_town/output/runtime/json/physics_0007.json,/home/lzh/MASTER/CODE/hydro-cps-sim/examples/c_town/output/runtime/json/physics_0008.json,/home/lzh/MASTER/CODE/hydro-cps-sim/examples/c_town/output/runtime/json/scada_poll_0007.json,/home/lzh/MASTER/CODE/hydro-cps-sim/examples/c_town/output/runtime/json/scada_downlink_0007.json,/home/lzh/MASTER/CODE/hydro-cps-sim/examples/c_town/output/runtime/json/actuator_state_0007.json
8,8,9,dhalsim_epynet,30,11,0.3576397500000894,/home/lzh/MASTER/CODE/hydro-cps-sim/examples/c_town/output/runtime/json/physics_0008.json,/home/lzh/MASTER/CODE/hydro-cps-sim/examples/c_town/output/runtime/json/physics_0009.json,/home/lzh/MASTER/CODE/hydro-cps-sim/examples/c_town/output/runtime/json/scada_poll_0008.json,/home/lzh/MASTER/CODE/hydro-cps-sim/examples/c_town/output/runtime/json/scada_downlink_0008.json,/home/lzh/MASTER/CODE/hydro-cps-sim/examples/c_town/output/runtime/json/actuator_state_0008.json
9,9,10,dhalsim_epynet,30,11,0.3567329319776036,/home/lzh/MASTER/CODE/hydro-cps-sim/examples/c_town/output/runtime/json/physics_0009.json,/home/lzh/MASTER/CODE/hydro-cps-sim/examples/c_town/output/runtime/json/physics_0010.json,/home/lzh/MASTER/CODE/hydro-cps-sim/examples/c_town/output/runtime/json/scada_poll_0009.json,/home/lzh/MASTER/CODE/hydro-cps-sim/examples/c_town/output/runtime/json/scada_downlink_0009.json,/home/lzh/MASTER/CODE/hydro-cps-sim/examples/c_town/output/runtime/json/actuator_state_0009.json
10,10,11,dhalsim_epynet,30,11,0.36202704400056973,/home/lzh/MASTER/CODE/hydro-cps-sim/examples/c_town/output/runtime/json/physics_0010.json,/home/lzh/MASTER/CODE/hydro-cps-sim/examples/c_town/output/runtime/json/physics_0011.json,/home/lzh/MASTER/CODE/hydro-cps-sim/examples/c_town/output/runtime/json/scada_poll_0010.json,/home/lzh/MASTER/CODE/hydro-cps-sim/examples/c_town/output/runtime/json/scada_downlink_0010.json,/home/lzh/MASTER/CODE/hydro-cps-sim/examples/c_town/output/runtime/json/actuator_state_0010.json
11,11,12,dhalsim_epynet,30,11,0.3590920310234651,/home/lzh/MASTER/CODE/hydro-cps-sim/examples/c_town/output/runtime/json/physics_0011.json,/home/lzh/MASTER/CODE/hydro-cps-sim/examples/c_town/output/runtime/json/physics_0012.json,/home/lzh/MASTER/CODE/hydro-cps-sim/examples/c_town/output/runtime/json/scada_poll_0011.json,/home/lzh/MASTER/CODE/hydro-cps-sim/examples/c_town/output/runtime/json/scada_downlink_0011.json,/home/lzh/MASTER/CODE/hydro-cps-sim/examples/c_town/output/runtime/json/actuator_state_0011.json
12,12,13,dhalsim_epynet,30,11,0.36295601399615407,/home/lzh/MASTER/CODE/hydro-cps-sim/examples/c_town/output/runtime/json/physics_0012.json,/home/lzh/MASTER/CODE/hydro-cps-sim/examples/c_town/output/runtime/json/physics_0013.json,/home/lzh/MASTER/CODE/hydro-cps-sim/examples/c_town/output/runtime/json/scada_poll_0012.json,/home/lzh/MASTER/CODE/hydro-cps-sim/examples/c_town/output/runtime/json/scada_downlink_0012.json,/home/lzh/MASTER/CODE/hydro-cps-sim/examples/c_town/output/runtime/json/actuator_state_0012.json
13,13,14,dhalsim_epynet,30,11,0.35486824199324474,/home/lzh/MASTER/CODE/hydro-cps-sim/examples/c_town/output/runtime/json/physics_0013.json,/home/lzh/MASTER/CODE/hydro-cps-sim/examples/c_town/output/runtime/json/physics_0014.json,/home/lzh/MASTER/CODE/hydro-cps-sim/examples/c_town/output/runtime/json/scada_poll_0013.json,/home/lzh/MASTER/CODE/hydro-cps-sim/examples/c_town/output/runtime/json/scada_downlink_0013.json,/home/lzh/MASTER/CODE/hydro-cps-sim/examples/c_town/output/runtime/json/actuator_state_0013.json
14,14,15,dhalsim_epynet,30,11,0.3514433460077271,/home/lzh/MASTER/CODE/hydro-cps-sim/examples/c_town/output/runtime/json/physics_0014.json,/home/lzh/MASTER/CODE/hydro-cps-sim/examples/c_town/output/runtime/json/physics_0015.json,/home/lzh/MASTER/CODE/hydro-cps-sim/examples/c_town/output/runtime/json/scada_poll_0014.json,/home/lzh/MASTER/CODE/hydro-cps-sim/examples/c_town/output/runtime/json/scada_downlink_0014.json,/home/lzh/MASTER/CODE/hydro-cps-sim/examples/c_town/output/runtime/json/actuator_state_0014.json
15,15,16,dhalsim_epynet,30,11,0.35896461800439283,/home/lzh/MASTER/CODE/hydro-cps-sim/examples/c_town/output/runtime/json/physics_0015.json,/home/lzh/MASTER/CODE/hydro-cps-sim/examples/c_town/output/runtime/json/physics_0016.json,/home/lzh/MASTER/CODE/hydro-cps-sim/examples/c_town/output/runtime/json/scada_poll_0015.json,/home/lzh/MASTER/CODE/hydro-cps-sim/examples/c_town/output/runtime/json/scada_downlink_0015.json,/home/lzh/MASTER/CODE/hydro-cps-sim/examples/c_town/output/runtime/json/actuator_state_0015.json
16,16,17,dhalsim_epynet,30,11,0.35137714102165774,/home/lzh/MASTER/CODE/hydro-cps-sim/examples/c_town/output/runtime/json/physics_0016.json,/home/lzh/MASTER/CODE/hydro-cps-sim/examples/c_town/output/runtime/json/physics_0017.json,/home/lzh/MASTER/CODE/hydro-cps-sim/examples/c_town/output/runtime/json/scada_poll_0016.json,/home/lzh/MASTER/CODE/hydro-cps-sim/examples/c_town/output/runtime/json/scada_downlink_0016.json,/home/lzh/MASTER/CODE/hydro-cps-sim/examples/c_town/output/runtime/json/actuator_state_0016.json
17,17,18,dhalsim_epynet,30,11,0.36181967897573486,/home/lzh/MASTER/CODE/hydro-cps-sim/examples/c_town/output/runtime/json/physics_0017.json,/home/lzh/MASTER/CODE/hydro-cps-sim/examples/c_town/output/runtime/json/physics_0018.json,/home/lzh/MASTER/CODE/hydro-cps-sim/examples/c_town/output/runtime/json/scada_poll_0017.json,/home/lzh/MASTER/CODE/hydro-cps-sim/examples/c_town/output/runtime/json/scada_downlink_0017.json,/home/lzh/MASTER/CODE/hydro-cps-sim/examples/c_town/output/runtime/json/actuator_state_0017.json
18,18,19,dhalsim_epynet,30,11,0.35681818396551535,/home/lzh/MASTER/CODE/hydro-cps-sim/examples/c_town/output/runtime/json/physics_0018.json,/home/lzh/MASTER/CODE/hydro-cps-sim/examples/c_town/output/runtime/json/physics_0019.json,/home/lzh/MASTER/CODE/hydro-cps-sim/examples/c_town/output/runtime/json/scada_poll_0018.json,/home/lzh/MASTER/CODE/hydro-cps-sim/examples/c_town/output/runtime/json/scada_downlink_0018.json,/home/lzh/MASTER/CODE/hydro-cps-sim/examples/c_town/output/runtime/json/actuator_state_0018.json
19,19,20,dhalsim_epynet,30,11,0.35140705201774836,/home/lzh/MASTER/CODE/hydro-cps-sim/examples/c_town/output/runtime/json/physics_0019.json,/home/lzh/MASTER/CODE/hydro-cps-sim/examples/c_town/output/runtime/json/physics_0020.json,/home/lzh/MASTER/CODE/hydro-cps-sim/examples/c_town/output/runtime/json/scada_poll_0019.json,/home/lzh/MASTER/CODE/hydro-cps-sim/examples/c_town/output/runtime/json/scada_downlink_0019.json,/home/lzh/MASTER/CODE/hydro-cps-sim/examples/c_town/output/runtime/json/actuator_state_0019.json
20,20,21,dhalsim_epynet,30,11,0.3516663929913193,/home/lzh/MASTER/CODE/hydro-cps-sim/examples/c_town/output/runtime/json/physics_0020.json,/home/lzh/MASTER/CODE/hydro-cps-sim/examples/c_town/output/runtime/json/physics_0021.json,/home/lzh/MASTER/CODE/hydro-cps-sim/examples/c_town/output/runtime/json/scada_poll_0020.json,/home/lzh/MASTER/CODE/hydro-cps-sim/examples/c_town/output/runtime/json/scada_downlink_0020.json,/home/lzh/MASTER/CODE/hydro-cps-sim/examples/c_town/output/runtime/json/actuator_state_0020.json
21,21,22,dhalsim_epynet,30,11,0.3574980790144764,/home/lzh/MASTER/CODE/hydro-cps-sim/examples/c_town/output/runtime/json/physics_0021.json,/home/lzh/MASTER/CODE/hydro-cps-sim/examples/c_town/output/runtime/json/physics_0022.json,/home/lzh/MASTER/CODE/hydro-cps-sim/examples/c_town/output/runtime/json/scada_poll_0021.json,/home/lzh/MASTER/CODE/hydro-cps-sim/examples/c_town/output/runtime/json/scada_downlink_0021.json,/home/lzh/MASTER/CODE/hydro-cps-sim/examples/c_town/output/runtime/json/actuator_state_0021.json
22,22,23,dhalsim_epynet,30,11,0.3626809190027416,/home/lzh/MASTER/CODE/hydro-cps-sim/examples/c_town/output/runtime/json/physics_0022.json,/home/lzh/MASTER/CODE/hydro-cps-sim/examples/c_town/output/runtime/json/physics_0023.json,/home/lzh/MASTER/CODE/hydro-cps-sim/examples/c_town/output/runtime/json/scada_poll_0022.json,/home/lzh/MASTER/CODE/hydro-cps-sim/examples/c_town/output/runtime/json/scada_downlink_0022.json,/home/lzh/MASTER/CODE/hydro-cps-sim/examples/c_town/output/runtime/json/actuator_state_0022.json
23,23,24,dhalsim_epynet,30,11,0.3564662549761124,/home/lzh/MASTER/CODE/hydro-cps-sim/examples/c_town/output/runtime/json/physics_0023.json,/home/lzh/MASTER/CODE/hydro-cps-sim/examples/c_town/output/runtime/json/physics_0024.json,/home/lzh/MASTER/CODE/hydro-cps-sim/examples/c_town/output/runtime/json/scada_poll_0023.json,/home/lzh/MASTER/CODE/hydro-cps-sim/examples/c_town/output/runtime/json/scada_downlink_0023.json,/home/lzh/MASTER/CODE/hydro-cps-sim/examples/c_town/output/runtime/json/actuator_state_0023.json
24,24,25,dhalsim_epynet,30,11,0.3653872570139356,/home/lzh/MASTER/CODE/hydro-cps-sim/examples/c_town/output/runtime/json/physics_0024.json,/home/lzh/MASTER/CODE/hydro-cps-sim/examples/c_town/output/runtime/json/physics_0025.json,/home/lzh/MASTER/CODE/hydro-cps-sim/examples/c_town/output/runtime/json/scada_poll_0024.json,/home/lzh/MASTER/CODE/hydro-cps-sim/examples/c_town/output/runtime/json/scada_downlink_0024.json,/home/lzh/MASTER/CODE/hydro-cps-sim/examples/c_town/output/runtime/json/actuator_state_0024.json
25,25,26,dhalsim_epynet,30,11,0.3580177829717286,/home/lzh/MASTER/CODE/hydro-cps-sim/examples/c_town/output/runtime/json/physics_0025.json,/home/lzh/MASTER/CODE/hydro-cps-sim/examples/c_town/output/runtime/json/physics_0026.json,/home/lzh/MASTER/CODE/hydro-cps-sim/examples/c_town/output/runtime/json/scada_poll_0025.json,/home/lzh/MASTER/CODE/hydro-cps-sim/examples/c_town/output/runtime/json/scada_downlink_0025.json,/home/lzh/MASTER/CODE/hydro-cps-sim/examples/c_town/output/runtime/json/actuator_state_0025.json
26,26,27,dhalsim_epynet,30,11,0.3578160500037484,/home/lzh/MASTER/CODE/hydro-cps-sim/examples/c_town/output/runtime/json/physics_0026.json,/home/lzh/MASTER/CODE/hydro-cps-sim/examples/c_town/output/runtime/json/physics_0027.json,/home/lzh/MASTER/CODE/hydro-cps-sim/examples/c_town/output/runtime/json/scada_poll_0026.json,/home/lzh/MASTER/CODE/hydro-cps-sim/examples/c_town/output/runtime/json/scada_downlink_0026.json,/home/lzh/MASTER/CODE/hydro-cps-sim/examples/c_town/output/runtime/json/actuator_state_0026.json
27,27,28,dhalsim_epynet,30,11,0.3575889090425335,/home/lzh/MASTER/CODE/hydro-cps-sim/examples/c_town/output/runtime/json/physics_0027.json,/home/lzh/MASTER/CODE/hydro-cps-sim/examples/c_town/output/runtime/json/physics_0028.json,/home/lzh/MASTER/CODE/hydro-cps-sim/examples/c_town/output/runtime/json/scada_poll_0027.json,/home/lzh/MASTER/CODE/hydro-cps-sim/examples/c_town/output/runtime/json/scada_downlink_0027.json,/home/lzh/MASTER/CODE/hydro-cps-sim/examples/c_town/output/runtime/json/actuator_state_0027.json
28,28,29,dhalsim_epynet,30,11,0.34545744699425995,/home/lzh/MASTER/CODE/hydro-cps-sim/examples/c_town/output/runtime/json/physics_0028.json,/home/lzh/MASTER/CODE/hydro-cps-sim/examples/c_town/output/runtime/json/physics_0029.json,/home/lzh/MASTER/CODE/hydro-cps-sim/examples/c_town/output/runtime/json/scada_poll_0028.json,/home/lzh/MASTER/CODE/hydro-cps-sim/examples/c_town/output/runtime/json/scada_downlink_0028.json,/home/lzh/MASTER/CODE/hydro-cps-sim/examples/c_town/output/runtime/json/actuator_state_0028.json
29,29,30,dhalsim_epynet,30,11,0.3578290229779668,/home/lzh/MASTER/CODE/hydro-cps-sim/examples/c_town/output/runtime/json/physics_0029.json,/home/lzh/MASTER/CODE/hydro-cps-sim/examples/c_town/output/runtime/json/physics_0030.json,/home/lzh/MASTER/CODE/hydro-cps-sim/examples/c_town/output/runtime/json/scada_poll_0029.json,/home/lzh/MASTER/CODE/hydro-cps-sim/examples/c_town/output/runtime/json/scada_downlink_0029.json,/home/lzh/MASTER/CODE/hydro-cps-sim/examples/c_town/output/runtime/json/actuator_state_0029.json
30,30,31,dhalsim_epynet,30,11,0.3537758720340207,/home/lzh/MASTER/CODE/hydro-cps-sim/examples/c_town/output/runtime/json/physics_0030.json,/home/lzh/MASTER/CODE/hydro-cps-sim/examples/c_town/output/runtime/json/physics_0031.json,/home/lzh/MASTER/CODE/hydro-cps-sim/examples/c_town/output/runtime/json/scada_poll_0030.json,/home/lzh/MASTER/CODE/hydro-cps-sim/examples/c_town/output/runtime/json/scada_downlink_0030.json,/home/lzh/MASTER/CODE/hydro-cps-sim/examples/c_town/output/runtime/json/actuator_state_0030.json
31,31,32,dhalsim_epynet,30,11,0.35686490003718063,/home/lzh/MASTER/CODE/hydro-cps-sim/examples/c_town/output/runtime/json/physics_0031.json,/home/lzh/MASTER/CODE/hydro-cps-sim/examples/c_town/output/runtime/json/physics_0032.json,/home/lzh/MASTER/CODE/hydro-cps-sim/examples/c_town/output/runtime/json/scada_poll_0031.json,/home/lzh/MASTER/CODE/hydro-cps-sim/examples/c_town/output/runtime/json/scada_downlink_0031.json,/home/lzh/MASTER/CODE/hydro-cps-sim/examples/c_town/output/runtime/json/actuator_state_0031.json
32,32,33,dhalsim_epynet,30,11,0.3468946130014956,/home/lzh/MASTER/CODE/hydro-cps-sim/examples/c_town/output/runtime/json/physics_0032.json,/home/lzh/MASTER/CODE/hydro-cps-sim/examples/c_town/output/runtime/json/physics_0033.json,/home/lzh/MASTER/CODE/hydro-cps-sim/examples/c_town/output/runtime/json/scada_poll_0032.json,/home/lzh/MASTER/CODE/hydro-cps-sim/examples/c_town/output/runtime/json/scada_downlink_0032.json,/home/lzh/MASTER/CODE/hydro-cps-sim/examples/c_town/output/runtime/json/actuator_state_0032.json
33,33,34,dhalsim_epynet,30,11,0.35312792798504233,/home/lzh/MASTER/CODE/hydro-cps-sim/examples/c_town/output/runtime/json/physics_0033.json,/home/lzh/MASTER/CODE/hydro-cps-sim/examples/c_town/output/runtime/json/physics_0034.json,/home/lzh/MASTER/CODE/hydro-cps-sim/examples/c_town/output/runtime/json/scada_poll_0033.json,/home/lzh/MASTER/CODE/hydro-cps-sim/examples/c_town/output/runtime/json/scada_downlink_0033.json,/home/lzh/MASTER/CODE/hydro-cps-sim/examples/c_town/output/runtime/json/actuator_state_0033.json
34,34,35,dhalsim_epynet,30,11,0.3516631310340017,/home/lzh/MASTER/CODE/hydro-cps-sim/examples/c_town/output/runtime/json/physics_0034.json,/home/lzh/MASTER/CODE/hydro-cps-sim/examples/c_town/output/runtime/json/physics_0035.json,/home/lzh/MASTER/CODE/hydro-cps-sim/examples/c_town/output/runtime/json/scada_poll_0034.json,/home/lzh/MASTER/CODE/hydro-cps-sim/examples/c_town/output/runtime/json/scada_downlink_0034.json,/home/lzh/MASTER/CODE/hydro-cps-sim/examples/c_town/output/runtime/json/actuator_state_0034.json
35,35,36,dhalsim_epynet,30,11,0.35661868698662147,/home/lzh/MASTER/CODE/hydro-cps-sim/examples/c_town/output/runtime/json/physics_0035.json,/home/lzh/MASTER/CODE/hydro-cps-sim/examples/c_town/output/runtime/json/physics_0036.json,/home/lzh/MASTER/CODE/hydro-cps-sim/examples/c_town/output/runtime/json/scada_poll_0035.json,/home/lzh/MASTER/CODE/hydro-cps-sim/examples/c_town/output/runtime/json/scada_downlink_0035.json,/home/lzh/MASTER/CODE/hydro-cps-sim/examples/c_town/output/runtime/json/actuator_state_0035.json
36,36,37,dhalsim_epynet,30,11,0.3571965299779549,/home/lzh/MASTER/CODE/hydro-cps-sim/examples/c_town/output/runtime/json/physics_0036.json,/home/lzh/MASTER/CODE/hydro-cps-sim/examples/c_town/output/runtime/json/physics_0037.json,/home/lzh/MASTER/CODE/hydro-cps-sim/examples/c_town/output/runtime/json/scada_poll_0036.json,/home/lzh/MASTER/CODE/hydro-cps-sim/examples/c_town/output/runtime/json/scada_downlink_0036.json,/home/lzh/MASTER/CODE/hydro-cps-sim/examples/c_town/output/runtime/json/actuator_state_0036.json
37,37,38,dhalsim_epynet,30,11,0.3568865929846652,/home/lzh/MASTER/CODE/hydro-cps-sim/examples/c_town/output/runtime/json/physics_0037.json,/home/lzh/MASTER/CODE/hydro-cps-sim/examples/c_town/output/runtime/json/physics_0038.json,/home/lzh/MASTER/CODE/hydro-cps-sim/examples/c_town/output/runtime/json/scada_poll_0037.json,/home/lzh/MASTER/CODE/hydro-cps-sim/examples/c_town/output/runtime/json/scada_downlink_0037.json,/home/lzh/MASTER/CODE/hydro-cps-sim/examples/c_town/output/runtime/json/actuator_state_0037.json
38,38,39,dhalsim_epynet,30,11,0.3566693739849143,/home/lzh/MASTER/CODE/hydro-cps-sim/examples/c_town/output/runtime/json/physics_0038.json,/home/lzh/MASTER/CODE/hydro-cps-sim/examples/c_town/output/runtime/json/physics_0039.json,/home/lzh/MASTER/CODE/hydro-cps-sim/examples/c_town/output/runtime/json/scada_poll_0038.json,/home/lzh/MASTER/CODE/hydro-cps-sim/examples/c_town/output/runtime/json/scada_downlink_0038.json,/home/lzh/MASTER/CODE/hydro-cps-sim/examples/c_town/output/runtime/json/actuator_state_0038.json
39,39,40,dhalsim_epynet,30,11,0.3563270280137658,/home/lzh/MASTER/CODE/hydro-cps-sim/examples/c_town/output/runtime/json/physics_0039.json,/home/lzh/MASTER/CODE/hydro-cps-sim/examples/c_town/output/runtime/json/physics_0040.json,/home/lzh/MASTER/CODE/hydro-cps-sim/examples/c_town/output/runtime/json/scada_poll_0039.json,/home/lzh/MASTER/CODE/hydro-cps-sim/examples/c_town/output/runtime/json/scada_downlink_0039.json,/home/lzh/MASTER/CODE/hydro-cps-sim/examples/c_town/output/runtime/json/actuator_state_0039.json
40,40,41,dhalsim_epynet,30,11,0.3476032200269401,/home/lzh/MASTER/CODE/hydro-cps-sim/examples/c_town/output/runtime/json/physics_0040.json,/home/lzh/MASTER/CODE/hydro-cps-sim/examples/c_town/output/runtime/json/physics_0041.json,/home/lzh/MASTER/CODE/hydro-cps-sim/examples/c_town/output/runtime/json/scada_poll_0040.json,/home/lzh/MASTER/CODE/hydro-cps-sim/examples/c_town/output/runtime/json/scada_downlink_0040.json,/home/lzh/MASTER/CODE/hydro-cps-sim/examples/c_town/output/runtime/json/actuator_state_0040.json
41,41,42,dhalsim_epynet,30,11,0.34539844701066613,/home/lzh/MASTER/CODE/hydro-cps-sim/examples/c_town/output/runtime/json/physics_0041.json,/home/lzh/MASTER/CODE/hydro-cps-sim/examples/c_town/output/runtime/json/physics_0042.json,/home/lzh/MASTER/CODE/hydro-cps-sim/examples/c_town/output/runtime/json/scada_poll_0041.json,/home/lzh/MASTER/CODE/hydro-cps-sim/examples/c_town/output/runtime/json/scada_downlink_0041.json,/home/lzh/MASTER/CODE/hydro-cps-sim/examples/c_town/output/runtime/json/actuator_state_0041.json
42,42,43,dhalsim_epynet,30,11,0.3518554649781436,/home/lzh/MASTER/CODE/hydro-cps-sim/examples/c_town/output/runtime/json/physics_0042.json,/home/lzh/MASTER/CODE/hydro-cps-sim/examples/c_town/output/runtime/json/physics_0043.json,/home/lzh/MASTER/CODE/hydro-cps-sim/examples/c_town/output/runtime/json/scada_poll_0042.json,/home/lzh/MASTER/CODE/hydro-cps-sim/examples/c_town/output/runtime/json/scada_downlink_0042.json,/home/lzh/MASTER/CODE/hydro-cps-sim/examples/c_town/output/runtime/json/actuator_state_0042.json
43,43,44,dhalsim_epynet,30,11,0.3517429979983717,/home/lzh/MASTER/CODE/hydro-cps-sim/examples/c_town/output/runtime/json/physics_0043.json,/home/lzh/MASTER/CODE/hydro-cps-sim/examples/c_town/output/runtime/json/physics_0044.json,/home/lzh/MASTER/CODE/hydro-cps-sim/examples/c_town/output/runtime/json/scada_poll_0043.json,/home/lzh/MASTER/CODE/hydro-cps-sim/examples/c_town/output/runtime/json/scada_downlink_0043.json,/home/lzh/MASTER/CODE/hydro-cps-sim/examples/c_town/output/runtime/json/actuator_state_0043.json
44,44,45,dhalsim_epynet,30,11,0.35597028996562585,/home/lzh/MASTER/CODE/hydro-cps-sim/examples/c_town/output/runtime/json/physics_0044.json,/home/lzh/MASTER/CODE/hydro-cps-sim/examples/c_town/output/runtime/json/physics_0045.json,/home/lzh/MASTER/CODE/hydro-cps-sim/examples/c_town/output/runtime/json/scada_poll_0044.json,/home/lzh/MASTER/CODE/hydro-cps-sim/examples/c_town/output/runtime/json/scada_downlink_0044.json,/home/lzh/MASTER/CODE/hydro-cps-sim/examples/c_town/output/runtime/json/actuator_state_0044.json
45,45,46,dhalsim_epynet,30,11,0.35138599795755,/home/lzh/MASTER/CODE/hydro-cps-sim/examples/c_town/output/runtime/json/physics_0045.json,/home/lzh/MASTER/CODE/hydro-cps-sim/examples/c_town/output/runtime/json/physics_0046.json,/home/lzh/MASTER/CODE/hydro-cps-sim/examples/c_town/output/runtime/json/scada_poll_0045.json,/home/lzh/MASTER/CODE/hydro-cps-sim/examples/c_town/output/runtime/json/scada_downlink_0045.json,/home/lzh/MASTER/CODE/hydro-cps-sim/examples/c_town/output/runtime/json/actuator_state_0045.json
46,46,47,dhalsim_epynet,30,11,0.35686208499828354,/home/lzh/MASTER/CODE/hydro-cps-sim/examples/c_town/output/runtime/json/physics_0046.json,/home/lzh/MASTER/CODE/hydro-cps-sim/examples/c_town/output/runtime/json/physics_0047.json,/home/lzh/MASTER/CODE/hydro-cps-sim/examples/c_town/output/runtime/json/scada_poll_0046.json,/home/lzh/MASTER/CODE/hydro-cps-sim/examples/c_town/output/runtime/json/scada_downlink_0046.json,/home/lzh/MASTER/CODE/hydro-cps-sim/examples/c_town/output/runtime/json/actuator_state_0046.json
47,47,48,dhalsim_epynet,30,11,0.35213699797168374,/home/lzh/MASTER/CODE/hydro-cps-sim/examples/c_town/output/runtime/json/physics_0047.json,/home/lzh/MASTER/CODE/hydro-cps-sim/examples/c_town/output/runtime/json/physics_0048.json,/home/lzh/MASTER/CODE/hydro-cps-sim/examples/c_town/output/runtime/json/scada_poll_0047.json,/home/lzh/MASTER/CODE/hydro-cps-sim/examples/c_town/output/runtime/json/scada_downlink_0047.json,/home/lzh/MASTER/CODE/hydro-cps-sim/examples/c_town/output/runtime/json/actuator_state_0047.json
48,48,49,dhalsim_epynet,30,11,0.3517052529496141,/home/lzh/MASTER/CODE/hydro-cps-sim/examples/c_town/output/runtime/json/physics_0048.json,/home/lzh/MASTER/CODE/hydro-cps-sim/examples/c_town/output/runtime/json/physics_0049.json,/home/lzh/MASTER/CODE/hydro-cps-sim/examples/c_town/output/runtime/json/scada_poll_0048.json,/home/lzh/MASTER/CODE/hydro-cps-sim/examples/c_town/output/runtime/json/scada_downlink_0048.json,/home/lzh/MASTER/CODE/hydro-cps-sim/examples/c_town/output/runtime/json/actuator_state_0048.json
49,49,50,dhalsim_epynet,30,11,0.3521183429984376,/home/lzh/MASTER/CODE/hydro-cps-sim/examples/c_town/output/runtime/json/physics_0049.json,/home/lzh/MASTER/CODE/hydro-cps-sim/examples/c_town/output/runtime/json/physics_0050.json,/home/lzh/MASTER/CODE/hydro-cps-sim/examples/c_town/output/runtime/json/scada_poll_0049.json,/home/lzh/MASTER/CODE/hydro-cps-sim/examples/c_town/output/runtime/json/scada_downlink_0049.json,/home/lzh/MASTER/CODE/hydro-cps-sim/examples/c_town/output/runtime/json/actuator_state_0049.json
50,50,51,dhalsim_epynet,30,11,0.35605794901493937,/home/lzh/MASTER/CODE/hydro-cps-sim/examples/c_town/output/runtime/json/physics_0050.json,/home/lzh/MASTER/CODE/hydro-cps-sim/examples/c_town/output/runtime/json/physics_0051.json,/home/lzh/MASTER/CODE/hydro-cps-sim/examples/c_town/output/runtime/json/scada_poll_0050.json,/home/lzh/MASTER/CODE/hydro-cps-sim/examples/c_town/output/runtime/json/scada_downlink_0050.json,/home/lzh/MASTER/CODE/hydro-cps-sim/examples/c_town/output/runtime/json/actuator_state_0050.json
51,51,52,dhalsim_epynet,30,11,0.35684425599174574,/home/lzh/MASTER/CODE/hydro-cps-sim/examples/c_town/output/runtime/json/physics_0051.json,/home/lzh/MASTER/CODE/hydro-cps-sim/examples/c_town/output/runtime/json/physics_0052.json,/home/lzh/MASTER/CODE/hydro-cps-sim/examples/c_town/output/runtime/json/scada_poll_0051.json,/home/lzh/MASTER/CODE/hydro-cps-sim/examples/c_town/output/runtime/json/scada_downlink_0051.json,/home/lzh/MASTER/CODE/hydro-cps-sim/examples/c_town/output/runtime/json/actuator_state_0051.json
52,52,53,dhalsim_epynet,30,11,0.3625191309838556,/home/lzh/MASTER/CODE/hydro-cps-sim/examples/c_town/output/runtime/json/physics_0052.json,/home/lzh/MASTER/CODE/hydro-cps-sim/examples/c_town/output/runtime/json/physics_0053.json,/home/lzh/MASTER/CODE/hydro-cps-sim/examples/c_town/output/runtime/json/scada_poll_0052.json,/home/lzh/MASTER/CODE/hydro-cps-sim/examples/c_town/output/runtime/json/scada_downlink_0052.json,/home/lzh/MASTER/CODE/hydro-cps-sim/examples/c_town/output/runtime/json/actuator_state_0052.json
53,53,54,dhalsim_epynet,30,11,0.34616720804478973,/home/lzh/MASTER/CODE/hydro-cps-sim/examples/c_town/output/runtime/json/physics_0053.json,/home/lzh/MASTER/CODE/hydro-cps-sim/examples/c_town/output/runtime/json/physics_0054.json,/home/lzh/MASTER/CODE/hydro-cps-sim/examples/c_town/output/runtime/json/scada_poll_0053.json,/home/lzh/MASTER/CODE/hydro-cps-sim/examples/c_town/output/runtime/json/scada_downlink_0053.json,/home/lzh/MASTER/CODE/hydro-cps-sim/examples/c_town/output/runtime/json/actuator_state_0053.json
54,54,55,dhalsim_epynet,30,11,0.3512270720093511,/home/lzh/MASTER/CODE/hydro-cps-sim/examples/c_town/output/runtime/json/physics_0054.json,/home/lzh/MASTER/CODE/hydro-cps-sim/examples/c_town/output/runtime/json/physics_0055.json,/home/lzh/MASTER/CODE/hydro-cps-sim/examples/c_town/output/runtime/json/scada_poll_0054.json,/home/lzh/MASTER/CODE/hydro-cps-sim/examples/c_town/output/runtime/json/scada_downlink_0054.json,/home/lzh/MASTER/CODE/hydro-cps-sim/examples/c_town/output/runtime/json/actuator_state_0054.json
55,55,56,dhalsim_epynet,30,11,0.3570101860095747,/home/lzh/MASTER/CODE/hydro-cps-sim/examples/c_town/output/runtime/json/physics_0055.json,/home/lzh/MASTER/CODE/hydro-cps-sim/examples/c_town/output/runtime/json/physics_0056.json,/home/lzh/MASTER/CODE/hydro-cps-sim/examples/c_town/output/runtime/json/scada_poll_0055.json,/home/lzh/MASTER/CODE/hydro-cps-sim/examples/c_town/output/runtime/json/scada_downlink_0055.json,/home/lzh/MASTER/CODE/hydro-cps-sim/examples/c_town/output/runtime/json/actuator_state_0055.json
56,56,57,dhalsim_epynet,30,11,0.35192309599369764,/home/lzh/MASTER/CODE/hydro-cps-sim/examples/c_town/output/runtime/json/physics_0056.json,/home/lzh/MASTER/CODE/hydro-cps-sim/examples/c_town/output/runtime/json/physics_0057.json,/home/lzh/MASTER/CODE/hydro-cps-sim/examples/c_town/output/runtime/json/scada_poll_0056.json,/home/lzh/MASTER/CODE/hydro-cps-sim/examples/c_town/output/runtime/json/scada_downlink_0056.json,/home/lzh/MASTER/CODE/hydro-cps-sim/examples/c_town/output/runtime/json/actuator_state_0056.json
57,57,58,dhalsim_epynet,30,11,0.35710019897669554,/home/lzh/MASTER/CODE/hydro-cps-sim/examples/c_town/output/runtime/json/physics_0057.json,/home/lzh/MASTER/CODE/hydro-cps-sim/examples/c_town/output/runtime/json/physics_0058.json,/home/lzh/MASTER/CODE/hydro-cps-sim/examples/c_town/output/runtime/json/scada_poll_0057.json,/home/lzh/MASTER/CODE/hydro-cps-sim/examples/c_town/output/runtime/json/scada_downlink_0057.json,/home/lzh/MASTER/CODE/hydro-cps-sim/examples/c_town/output/runtime/json/actuator_state_0057.json
58,58,59,dhalsim_epynet,30,11,0.3568565850146115,/home/lzh/MASTER/CODE/hydro-cps-sim/examples/c_town/output/runtime/json/physics_0058.json,/home/lzh/MASTER/CODE/hydro-cps-sim/examples/c_town/output/runtime/json/physics_0059.json,/home/lzh/MASTER/CODE/hydro-cps-sim/examples/c_town/output/runtime/json/scada_poll_0058.json,/home/lzh/MASTER/CODE/hydro-cps-sim/examples/c_town/output/runtime/json/scada_downlink_0058.json,/home/lzh/MASTER/CODE/hydro-cps-sim/examples/c_town/output/runtime/json/actuator_state_0058.json
59,59,60,dhalsim_epynet,30,11,0.3567752899834886,/home/lzh/MASTER/CODE/hydro-cps-sim/examples/c_town/output/runtime/json/physics_0059.json,/home/lzh/MASTER/CODE/hydro-cps-sim/examples/c_town/output/runtime/json/physics_0060.json,/home/lzh/MASTER/CODE/hydro-cps-sim/examples/c_town/output/runtime/json/scada_poll_0059.json,/home/lzh/MASTER/CODE/hydro-cps-sim/examples/c_town/output/runtime/json/scada_downlink_0059.json,/home/lzh/MASTER/CODE/hydro-cps-sim/examples/c_town/output/runtime/json/actuator_state_0059.json
60,60,61,dhalsim_epynet,30,11,0.3514959349995479,/home/lzh/MASTER/CODE/hydro-cps-sim/examples/c_town/output/runtime/json/physics_0060.json,/home/lzh/MASTER/CODE/hydro-cps-sim/examples/c_town/output/runtime/json/physics_0061.json,/home/lzh/MASTER/CODE/hydro-cps-sim/examples/c_town/output/runtime/json/scada_poll_0060.json,/home/lzh/MASTER/CODE/hydro-cps-sim/examples/c_town/output/runtime/json/scada_downlink_0060.json,/home/lzh/MASTER/CODE/hydro-cps-sim/examples/c_town/output/runtime/json/actuator_state_0060.json
61,61,62,dhalsim_epynet,30,11,0.35208825900917873,/home/lzh/MASTER/CODE/hydro-cps-sim/examples/c_town/output/runtime/json/physics_0061.json,/home/lzh/MASTER/CODE/hydro-cps-sim/examples/c_town/output/runtime/json/physics_0062.json,/home/lzh/MASTER/CODE/hydro-cps-sim/examples/c_town/output/runtime/json/scada_poll_0061.json,/home/lzh/MASTER/CODE/hydro-cps-sim/examples/c_town/output/runtime/json/scada_downlink_0061.json,/home/lzh/MASTER/CODE/hydro-cps-sim/examples/c_town/output/runtime/json/actuator_state_0061.json
62,62,63,dhalsim_epynet,30,11,0.3515418950119056,/home/lzh/MASTER/CODE/hydro-cps-sim/examples/c_town/output/runtime/json/physics_0062.json,/home/lzh/MASTER/CODE/hydro-cps-sim/examples/c_town/output/runtime/json/physics_0063.json,/home/lzh/MASTER/CODE/hydro-cps-sim/examples/c_town/output/runtime/json/scada_poll_0062.json,/home/lzh/MASTER/CODE/hydro-cps-sim/examples/c_town/output/runtime/json/scada_downlink_0062.json,/home/lzh/MASTER/CODE/hydro-cps-sim/examples/c_town/output/runtime/json/actuator_state_0062.json
63,63,64,dhalsim_epynet,30,11,0.35645674902480096,/home/lzh/MASTER/CODE/hydro-cps-sim/examples/c_town/output/runtime/json/physics_0063.json,/home/lzh/MASTER/CODE/hydro-cps-sim/examples/c_town/output/runtime/json/physics_0064.json,/home/lzh/MASTER/CODE/hydro-cps-sim/examples/c_town/output/runtime/json/scada_poll_0063.json,/home/lzh/MASTER/CODE/hydro-cps-sim/examples/c_town/output/runtime/json/scada_downlink_0063.json,/home/lzh/MASTER/CODE/hydro-cps-sim/examples/c_town/output/runtime/json/actuator_state_0063.json
64,64,65,dhalsim_epynet,30,11,0.34890386601909995,/home/lzh/MASTER/CODE/hydro-cps-sim/examples/c_town/output/runtime/json/physics_0064.json,/home/lzh/MASTER/CODE/hydro-cps-sim/examples/c_town/output/runtime/json/physics_0065.json,/home/lzh/MASTER/CODE/hydro-cps-sim/examples/c_town/output/runtime/json/scada_poll_0064.json,/home/lzh/MASTER/CODE/hydro-cps-sim/examples/c_town/output/runtime/json/scada_downlink_0064.json,/home/lzh/MASTER/CODE/hydro-cps-sim/examples/c_town/output/runtime/json/actuator_state_0064.json
65,65,66,dhalsim_epynet,30,11,0.35595045797526836,/home/lzh/MASTER/CODE/hydro-cps-sim/examples/c_town/output/runtime/json/physics_0065.json,/home/lzh/MASTER/CODE/hydro-cps-sim/examples/c_town/output/runtime/json/physics_0066.json,/home/lzh/MASTER/CODE/hydro-cps-sim/examples/c_town/output/runtime/json/scada_poll_0065.json,/home/lzh/MASTER/CODE/hydro-cps-sim/examples/c_town/output/runtime/json/scada_downlink_0065.json,/home/lzh/MASTER/CODE/hydro-cps-sim/examples/c_town/output/runtime/json/actuator_state_0065.json
66,66,67,dhalsim_epynet,30,11,0.3615908200154081,/home/lzh/MASTER/CODE/hydro-cps-sim/examples/c_town/output/runtime/json/physics_0066.json,/home/lzh/MASTER/CODE/hydro-cps-sim/examples/c_town/output/runtime/json/physics_0067.json,/home/lzh/MASTER/CODE/hydro-cps-sim/examples/c_town/output/runtime/json/scada_poll_0066.json,/home/lzh/MASTER/CODE/hydro-cps-sim/examples/c_town/output/runtime/json/scada_downlink_0066.json,/home/lzh/MASTER/CODE/hydro-cps-sim/examples/c_town/output/runtime/json/actuator_state_0066.json
67,67,68,dhalsim_epynet,30,11,0.3441291489871219,/home/lzh/MASTER/CODE/hydro-cps-sim/examples/c_town/output/runtime/json/physics_0067.json,/home/lzh/MASTER/CODE/hydro-cps-sim/examples/c_town/output/runtime/json/physics_0068.json,/home/lzh/MASTER/CODE/hydro-cps-sim/examples/c_town/output/runtime/json/scada_poll_0067.json,/home/lzh/MASTER/CODE/hydro-cps-sim/examples/c_town/output/runtime/json/scada_downlink_0067.json,/home/lzh/MASTER/CODE/hydro-cps-sim/examples/c_town/output/runtime/json/actuator_state_0067.json
68,68,69,dhalsim_epynet,30,11,0.3460025819949806,/home/lzh/MASTER/CODE/hydro-cps-sim/examples/c_town/output/runtime/json/physics_0068.json,/home/lzh/MASTER/CODE/hydro-cps-sim/examples/c_town/output/runtime/json/physics_0069.json,/home/lzh/MASTER/CODE/hydro-cps-sim/examples/c_town/output/runtime/json/scada_poll_0068.json,/home/lzh/MASTER/CODE/hydro-cps-sim/examples/c_town/output/runtime/json/scada_downlink_0068.json,/home/lzh/MASTER/CODE/hydro-cps-sim/examples/c_town/output/runtime/json/actuator_state_0068.json
69,69,70,dhalsim_epynet,30,11,0.35663022502558306,/home/lzh/MASTER/CODE/hydro-cps-sim/examples/c_town/output/runtime/json/physics_0069.json,/home/lzh/MASTER/CODE/hydro-cps-sim/examples/c_town/output/runtime/json/physics_0070.json,/home/lzh/MASTER/CODE/hydro-cps-sim/examples/c_town/output/runtime/json/scada_poll_0069.json,/home/lzh/MASTER/CODE/hydro-cps-sim/examples/c_town/output/runtime/json/scada_downlink_0069.json,/home/lzh/MASTER/CODE/hydro-cps-sim/examples/c_town/output/runtime/json/actuator_state_0069.json
70,70,71,dhalsim_epynet,30,11,0.3566820160485804,/home/lzh/MASTER/CODE/hydro-cps-sim/examples/c_town/output/runtime/json/physics_0070.json,/home/lzh/MASTER/CODE/hydro-cps-sim/examples/c_town/output/runtime/json/physics_0071.json,/home/lzh/MASTER/CODE/hydro-cps-sim/examples/c_town/output/runtime/json/scada_poll_0070.json,/home/lzh/MASTER/CODE/hydro-cps-sim/examples/c_town/output/runtime/json/scada_downlink_0070.json,/home/lzh/MASTER/CODE/hydro-cps-sim/examples/c_town/output/runtime/json/actuator_state_0070.json
71,71,72,dhalsim_epynet,30,11,0.35004672495415434,/home/lzh/MASTER/CODE/hydro-cps-sim/examples/c_town/output/runtime/json/physics_0071.json,/home/lzh/MASTER/CODE/hydro-cps-sim/examples/c_town/output/runtime/json/physics_0072.json,/home/lzh/MASTER/CODE/hydro-cps-sim/examples/c_town/output/runtime/json/scada_poll_0071.json,/home/lzh/MASTER/CODE/hydro-cps-sim/examples/c_town/output/runtime/json/scada_downlink_0071.json,/home/lzh/MASTER/CODE/hydro-cps-sim/examples/c_town/output/runtime/json/actuator_state_0071.json
72,72,73,dhalsim_epynet,30,11,0.3508577150059864,/home/lzh/MASTER/CODE/hydro-cps-sim/examples/c_town/output/runtime/json/physics_0072.json,/home/lzh/MASTER/CODE/hydro-cps-sim/examples/c_town/output/runtime/json/physics_0073.json,/home/lzh/MASTER/CODE/hydro-cps-sim/examples/c_town/output/runtime/json/scada_poll_0072.json,/home/lzh/MASTER/CODE/hydro-cps-sim/examples/c_town/output/runtime/json/scada_downlink_0072.json,/home/lzh/MASTER/CODE/hydro-cps-sim/examples/c_town/output/runtime/json/actuator_state_0072.json
73,73,74,dhalsim_epynet,30,11,0.34298640600172803,/home/lzh/MASTER/CODE/hydro-cps-sim/examples/c_town/output/runtime/json/physics_0073.json,/home/lzh/MASTER/CODE/hydro-cps-sim/examples/c_town/output/runtime/json/physics_0074.json,/home/lzh/MASTER/CODE/hydro-cps-sim/examples/c_town/output/runtime/json/scada_poll_0073.json,/home/lzh/MASTER/CODE/hydro-cps-sim/examples/c_town/output/runtime/json/scada_downlink_0073.json,/home/lzh/MASTER/CODE/hydro-cps-sim/examples/c_town/output/runtime/json/actuator_state_0073.json
74,74,75,dhalsim_epynet,30,11,0.35110556095605716,/home/lzh/MASTER/CODE/hydro-cps-sim/examples/c_town/output/runtime/json/physics_0074.json,/home/lzh/MASTER/CODE/hydro-cps-sim/examples/c_town/output/runtime/json/physics_0075.json,/home/lzh/MASTER/CODE/hydro-cps-sim/examples/c_town/output/runtime/json/scada_poll_0074.json,/home/lzh/MASTER/CODE/hydro-cps-sim/examples/c_town/output/runtime/json/scada_downlink_0074.json,/home/lzh/MASTER/CODE/hydro-cps-sim/examples/c_town/output/runtime/json/actuator_state_0074.json
75,75,76,dhalsim_epynet,30,11,0.3587337520439178,/home/lzh/MASTER/CODE/hydro-cps-sim/examples/c_town/output/runtime/json/physics_0075.json,/home/lzh/MASTER/CODE/hydro-cps-sim/examples/c_town/output/runtime/json/physics_0076.json,/home/lzh/MASTER/CODE/hydro-cps-sim/examples/c_town/output/runtime/json/scada_poll_0075.json,/home/lzh/MASTER/CODE/hydro-cps-sim/examples/c_town/output/runtime/json/scada_downlink_0075.json,/home/lzh/MASTER/CODE/hydro-cps-sim/examples/c_town/output/runtime/json/actuator_state_0075.json
76,76,77,dhalsim_epynet,30,11,0.34628678497392684,/home/lzh/MASTER/CODE/hydro-cps-sim/examples/c_town/output/runtime/json/physics_0076.json,/home/lzh/MASTER/CODE/hydro-cps-sim/examples/c_town/output/runtime/json/physics_0077.json,/home/lzh/MASTER/CODE/hydro-cps-sim/examples/c_town/output/runtime/json/scada_poll_0076.json,/home/lzh/MASTER/CODE/hydro-cps-sim/examples/c_town/output/runtime/json/scada_downlink_0076.json,/home/lzh/MASTER/CODE/hydro-cps-sim/examples/c_town/output/runtime/json/actuator_state_0076.json
77,77,78,dhalsim_epynet,30,11,0.35176098498050123,/home/lzh/MASTER/CODE/hydro-cps-sim/examples/c_town/output/runtime/json/physics_0077.json,/home/lzh/MASTER/CODE/hydro-cps-sim/examples/c_town/output/runtime/json/physics_0078.json,/home/lzh/MASTER/CODE/hydro-cps-sim/examples/c_town/output/runtime/json/scada_poll_0077.json,/home/lzh/MASTER/CODE/hydro-cps-sim/examples/c_town/output/runtime/json/scada_downlink_0077.json,/home/lzh/MASTER/CODE/hydro-cps-sim/examples/c_town/output/runtime/json/actuator_state_0077.json
78,78,79,dhalsim_epynet,30,11,0.3575131249963306,/home/lzh/MASTER/CODE/hydro-cps-sim/examples/c_town/output/runtime/json/physics_0078.json,/home/lzh/MASTER/CODE/hydro-cps-sim/examples/c_town/output/runtime/json/physics_0079.json,/home/lzh/MASTER/CODE/hydro-cps-sim/examples/c_town/output/runtime/json/scada_poll_0078.json,/home/lzh/MASTER/CODE/hydro-cps-sim/examples/c_town/output/runtime/json/scada_downlink_0078.json,/home/lzh/MASTER/CODE/hydro-cps-sim/examples/c_town/output/runtime/json/actuator_state_0078.json
79,79,80,dhalsim_epynet,30,11,0.3466270009521395,/home/lzh/MASTER/CODE/hydro-cps-sim/examples/c_town/output/runtime/json/physics_0079.json,/home/lzh/MASTER/CODE/hydro-cps-sim/examples/c_town/output/runtime/json/physics_0080.json,/home/lzh/MASTER/CODE/hydro-cps-sim/examples/c_town/output/runtime/json/scada_poll_0079.json,/home/lzh/MASTER/CODE/hydro-cps-sim/examples/c_town/output/runtime/json/scada_downlink_0079.json,/home/lzh/MASTER/CODE/hydro-cps-sim/examples/c_town/output/runtime/json/actuator_state_0079.json
80,80,81,dhalsim_epynet,30,11,0.3524424640345387,/home/lzh/MASTER/CODE/hydro-cps-sim/examples/c_town/output/runtime/json/physics_0080.json,/home/lzh/MASTER/CODE/hydro-cps-sim/examples/c_town/output/runtime/json/physics_0081.json,/home/lzh/MASTER/CODE/hydro-cps-sim/examples/c_town/output/runtime/json/scada_poll_0080.json,/home/lzh/MASTER/CODE/hydro-cps-sim/examples/c_town/output/runtime/json/scada_downlink_0080.json,/home/lzh/MASTER/CODE/hydro-cps-sim/examples/c_town/output/runtime/json/actuator_state_0080.json
81,81,82,dhalsim_epynet,30,11,0.35133696999400854,/home/lzh/MASTER/CODE/hydro-cps-sim/examples/c_town/output/runtime/json/physics_0081.json,/home/lzh/MASTER/CODE/hydro-cps-sim/examples/c_town/output/runtime/json/physics_0082.json,/home/lzh/MASTER/CODE/hydro-cps-sim/examples/c_town/output/runtime/json/scada_poll_0081.json,/home/lzh/MASTER/CODE/hydro-cps-sim/examples/c_town/output/runtime/json/scada_downlink_0081.json,/home/lzh/MASTER/CODE/hydro-cps-sim/examples/c_town/output/runtime/json/actuator_state_0081.json
82,82,83,dhalsim_epynet,30,11,0.35662137501640245,/home/lzh/MASTER/CODE/hydro-cps-sim/examples/c_town/output/runtime/json/physics_0082.json,/home/lzh/MASTER/CODE/hydro-cps-sim/examples/c_town/output/runtime/json/physics_0083.json,/home/lzh/MASTER/CODE/hydro-cps-sim/examples/c_town/output/runtime/json/scada_poll_0082.json,/home/lzh/MASTER/CODE/hydro-cps-sim/examples/c_town/output/runtime/json/scada_downlink_0082.json,/home/lzh/MASTER/CODE/hydro-cps-sim/examples/c_town/output/runtime/json/actuator_state_0082.json
83,83,84,dhalsim_epynet,30,11,0.3564393449923955,/home/lzh/MASTER/CODE/hydro-cps-sim/examples/c_town/output/runtime/json/physics_0083.json,/home/lzh/MASTER/CODE/hydro-cps-sim/examples/c_town/output/runtime/json/physics_0084.json,/home/lzh/MASTER/CODE/hydro-cps-sim/examples/c_town/output/runtime/json/scada_poll_0083.json,/home/lzh/MASTER/CODE/hydro-cps-sim/examples/c_town/output/runtime/json/scada_downlink_0083.json,/home/lzh/MASTER/CODE/hydro-cps-sim/examples/c_town/output/runtime/json/actuator_state_0083.json
84,84,85,dhalsim_epynet,30,11,0.3514567270176485,/home/lzh/MASTER/CODE/hydro-cps-sim/examples/c_town/output/runtime/json/physics_0084.json,/home/lzh/MASTER/CODE/hydro-cps-sim/examples/c_town/output/runtime/json/physics_0085.json,/home/lzh/MASTER/CODE/hydro-cps-sim/examples/c_town/output/runtime/json/scada_poll_0084.json,/home/lzh/MASTER/CODE/hydro-cps-sim/examples/c_town/output/runtime/json/scada_downlink_0084.json,/home/lzh/MASTER/CODE/hydro-cps-sim/examples/c_town/output/runtime/json/actuator_state_0084.json
85,85,86,dhalsim_epynet,30,11,0.34692252601962537,/home/lzh/MASTER/CODE/hydro-cps-sim/examples/c_town/output/runtime/json/physics_0085.json,/home/lzh/MASTER/CODE/hydro-cps-sim/examples/c_town/output/runtime/json/physics_0086.json,/home/lzh/MASTER/CODE/hydro-cps-sim/examples/c_town/output/runtime/json/scada_poll_0085.json,/home/lzh/MASTER/CODE/hydro-cps-sim/examples/c_town/output/runtime/json/scada_downlink_0085.json,/home/lzh/MASTER/CODE/hydro-cps-sim/examples/c_town/output/runtime/json/actuator_state_0085.json
86,86,87,dhalsim_epynet,30,11,0.35172529896954075,/home/lzh/MASTER/CODE/hydro-cps-sim/examples/c_town/output/runtime/json/physics_0086.json,/home/lzh/MASTER/CODE/hydro-cps-sim/examples/c_town/output/runtime/json/physics_0087.json,/home/lzh/MASTER/CODE/hydro-cps-sim/examples/c_town/output/runtime/json/scada_poll_0086.json,/home/lzh/MASTER/CODE/hydro-cps-sim/examples/c_town/output/runtime/json/scada_downlink_0086.json,/home/lzh/MASTER/CODE/hydro-cps-sim/examples/c_town/output/runtime/json/actuator_state_0086.json
87,87,88,dhalsim_epynet,30,11,0.3464491319609806,/home/lzh/MASTER/CODE/hydro-cps-sim/examples/c_town/output/runtime/json/physics_0087.json,/home/lzh/MASTER/CODE/hydro-cps-sim/examples/c_town/output/runtime/json/physics_0088.json,/home/lzh/MASTER/CODE/hydro-cps-sim/examples/c_town/output/runtime/json/scada_poll_0087.json,/home/lzh/MASTER/CODE/hydro-cps-sim/examples/c_town/output/runtime/json/scada_downlink_0087.json,/home/lzh/MASTER/CODE/hydro-cps-sim/examples/c_town/output/runtime/json/actuator_state_0087.json
88,88,89,dhalsim_epynet,30,11,0.3516597480047494,/home/lzh/MASTER/CODE/hydro-cps-sim/examples/c_town/output/runtime/json/physics_0088.json,/home/lzh/MASTER/CODE/hydro-cps-sim/examples/c_town/output/runtime/json/physics_0089.json,/home/lzh/MASTER/CODE/hydro-cps-sim/examples/c_town/output/runtime/json/scada_poll_0088.json,/home/lzh/MASTER/CODE/hydro-cps-sim/examples/c_town/output/runtime/json/scada_downlink_0088.json,/home/lzh/MASTER/CODE/hydro-cps-sim/examples/c_town/output/runtime/json/actuator_state_0088.json
89,89,90,dhalsim_epynet,30,11,0.3513100469717756,/home/lzh/MASTER/CODE/hydro-cps-sim/examples/c_town/output/runtime/json/physics_0089.json,/home/lzh/MASTER/CODE/hydro-cps-sim/examples/c_town/output/runtime/json/physics_0090.json,/home/lzh/MASTER/CODE/hydro-cps-sim/examples/c_town/output/runtime/json/scada_poll_0089.json,/home/lzh/MASTER/CODE/hydro-cps-sim/examples/c_town/output/runtime/json/scada_downlink_0089.json,/home/lzh/MASTER/CODE/hydro-cps-sim/examples/c_town/output/runtime/json/actuator_state_0089.json
90,90,91,dhalsim_epynet,30,11,0.35857965098693967,/home/lzh/MASTER/CODE/hydro-cps-sim/examples/c_town/output/runtime/json/physics_0090.json,/home/lzh/MASTER/CODE/hydro-cps-sim/examples/c_town/output/runtime/json/physics_0091.json,/home/lzh/MASTER/CODE/hydro-cps-sim/examples/c_town/output/runtime/json/scada_poll_0090.json,/home/lzh/MASTER/CODE/hydro-cps-sim/examples/c_town/output/runtime/json/scada_downlink_0090.json,/home/lzh/MASTER/CODE/hydro-cps-sim/examples/c_town/output/runtime/json/actuator_state_0090.json
91,91,92,dhalsim_epynet,30,11,0.34945979597978294,/home/lzh/MASTER/CODE/hydro-cps-sim/examples/c_town/output/runtime/json/physics_0091.json,/home/lzh/MASTER/CODE/hydro-cps-sim/examples/c_town/output/runtime/json/physics_0092.json,/home/lzh/MASTER/CODE/hydro-cps-sim/examples/c_town/output/runtime/json/scada_poll_0091.json,/home/lzh/MASTER/CODE/hydro-cps-sim/examples/c_town/output/runtime/json/scada_downlink_0091.json,/home/lzh/MASTER/CODE/hydro-cps-sim/examples/c_town/output/runtime/json/actuator_state_0091.json
92,92,93,dhalsim_epynet,30,11,0.35695298202335835,/home/lzh/MASTER/CODE/hydro-cps-sim/examples/c_town/output/runtime/json/physics_0092.json,/home/lzh/MASTER/CODE/hydro-cps-sim/examples/c_town/output/runtime/json/physics_0093.json,/home/lzh/MASTER/CODE/hydro-cps-sim/examples/c_town/output/runtime/json/scada_poll_0092.json,/home/lzh/MASTER/CODE/hydro-cps-sim/examples/c_town/output/runtime/json/scada_downlink_0092.json,/home/lzh/MASTER/CODE/hydro-cps-sim/examples/c_town/output/runtime/json/actuator_state_0092.json
93,93,94,dhalsim_epynet,30,11,0.3519679210148752,/home/lzh/MASTER/CODE/hydro-cps-sim/examples/c_town/output/runtime/json/physics_0093.json,/home/lzh/MASTER/CODE/hydro-cps-sim/examples/c_town/output/runtime/json/physics_0094.json,/home/lzh/MASTER/CODE/hydro-cps-sim/examples/c_town/output/runtime/json/scada_poll_0093.json,/home/lzh/MASTER/CODE/hydro-cps-sim/examples/c_town/output/runtime/json/scada_downlink_0093.json,/home/lzh/MASTER/CODE/hydro-cps-sim/examples/c_town/output/runtime/json/actuator_state_0093.json
94,94,95,dhalsim_epynet,30,11,0.3565166509943083,/home/lzh/MASTER/CODE/hydro-cps-sim/examples/c_town/output/runtime/json/physics_0094.json,/home/lzh/MASTER/CODE/hydro-cps-sim/examples/c_town/output/runtime/json/physics_0095.json,/home/lzh/MASTER/CODE/hydro-cps-sim/examples/c_town/output/runtime/json/scada_poll_0094.json,/home/lzh/MASTER/CODE/hydro-cps-sim/examples/c_town/output/runtime/json/scada_downlink_0094.json,/home/lzh/MASTER/CODE/hydro-cps-sim/examples/c_town/output/runtime/json/actuator_state_0094.json
95,95,96,dhalsim_epynet,30,11,0.3513548439950682,/home/lzh/MASTER/CODE/hydro-cps-sim/examples/c_town/output/runtime/json/physics_0095.json,/home/lzh/MASTER/CODE/hydro-cps-sim/examples/c_town/output/runtime/json/physics_0096.json,/home/lzh/MASTER/CODE/hydro-cps-sim/examples/c_town/output/runtime/json/scada_poll_0095.json,/home/lzh/MASTER/CODE/hydro-cps-sim/examples/c_town/output/runtime/json/scada_downlink_0095.json,/home/lzh/MASTER/CODE/hydro-cps-sim/examples/c_town/output/runtime/json/actuator_state_0095.json
96,96,97,dhalsim_epynet,30,11,0.3511991270352155,/home/lzh/MASTER/CODE/hydro-cps-sim/examples/c_town/output/runtime/json/physics_0096.json,/home/lzh/MASTER/CODE/hydro-cps-sim/examples/c_town/output/runtime/json/physics_0097.json,/home/lzh/MASTER/CODE/hydro-cps-sim/examples/c_town/output/runtime/json/scada_poll_0096.json,/home/lzh/MASTER/CODE/hydro-cps-sim/examples/c_town/output/runtime/json/scada_downlink_0096.json,/home/lzh/MASTER/CODE/hydro-cps-sim/examples/c_town/output/runtime/json/actuator_state_0096.json
97,97,98,dhalsim_epynet,30,11,0.3461854339693673,/home/lzh/MASTER/CODE/hydro-cps-sim/examples/c_town/output/runtime/json/physics_0097.json,/home/lzh/MASTER/CODE/hydro-cps-sim/examples/c_town/output/runtime/json/physics_0098.json,/home/lzh/MASTER/CODE/hydro-cps-sim/examples/c_town/output/runtime/json/scada_poll_0097.json,/home/lzh/MASTER/CODE/hydro-cps-sim/examples/c_town/output/runtime/json/scada_downlink_0097.json,/home/lzh/MASTER/CODE/hydro-cps-sim/examples/c_town/output/runtime/json/actuator_state_0097.json
98,98,99,dhalsim_epynet,30,11,0.35113801300758496,/home/lzh/MASTER/CODE/hydro-cps-sim/examples/c_town/output/runtime/json/physics_0098.json,/home/lzh/MASTER/CODE/hydro-cps-sim/examples/c_town/output/runtime/json/physics_0099.json,/home/lzh/MASTER/CODE/hydro-cps-sim/examples/c_town/output/runtime/json/scada_poll_0098.json,/home/lzh/MASTER/CODE/hydro-cps-sim/examples/c_town/output/runtime/json/scada_downlink_0098.json,/home/lzh/MASTER/CODE/hydro-cps-sim/examples/c_town/output/runtime/json/actuator_state_0098.json
99,99,100,dhalsim_epynet,30,11,0.3489319770014845,/home/lzh/MASTER/CODE/hydro-cps-sim/examples/c_town/output/runtime/json/physics_0099.json,/home/lzh/MASTER/CODE/hydro-cps-sim/examples/c_town/output/runtime/json/physics_0100.json,/home/lzh/MASTER/CODE/hydro-cps-sim/examples/c_town/output/runtime/json/scada_poll_0099.json,/home/lzh/MASTER/CODE/hydro-cps-sim/examples/c_town/output/runtime/json/scada_downlink_0099.json,/home/lzh/MASTER/CODE/hydro-cps-sim/examples/c_town/output/runtime/json/actuator_state_0099.json
