iteration,input_physics_iteration,output_physics_iteration,wait_local_write_sec,wait_scada_downlink_sec,logic_wait_sec,signal_read_actuators_sec,wait_actuator_read_sec,merge_actuator_state_sec,physics_step_publish_sec,write_cycle_logs_sec,cycle_total_sec,local_plc_count,actuator_count,physics_value_count
1,1,2,0.10344273102236912,0.03586314298445359,0.30043287202715874,0.000568702002055943,0.01605238701449707,0.0012587879900820553,0.0031503280042670667,0.000560368993319571,0.461518464027904,8,11,30
2,2,3,0.005472183984238654,0.04108161199837923,0.30033740698127076,0.0005017939838580787,0.010669507028069347,0.0012232779990881681,0.002190792001783848,0.0007208670140244067,0.362341643020045,8,11,30
3,3,4,0.010626281960867345,0.035950206976849586,0.300422543019522,0.0005696269799955189,0.010865124000702053,0.0012971319956704974,0.002878063009120524,0.0007661869749426842,0.36352277803234756,8,11,30
4,4,5,0.01074527099262923,0.03581857797689736,0.300335152016487,0.0004570509772747755,0.010751136986073107,0.0012566969962790608,0.0020791610004380345,0.0008452600450254977,0.3624403880094178,8,11,30
5,5,6,0.005495088000316173,0.036017700971569866,0.3003422719775699,0.0005067199817858636,0.01076295698294416,0.0012437630211934447,0.002095406991429627,0.0008975110249593854,0.3575344589771703,8,11,30
6,6,7,0.005588944011833519,0.035979479958768934,0.3003370619844645,0.0005373069434426725,0.010804920981172472,0.0015300289960578084,0.002063085965346545,0.001098237989936024,0.35809671599417925,8,11,30
7,7,8,0.005461112014017999,0.03592448297422379,0.30036053800722584,0.0005053509958088398,0.010771897970698774,0.0012885520118288696,0.00237272004596889,0.0014878460206091404,0.3583293170086108,8,11,30
8,8,9,0.005607953004073352,0.03595359204337001,0.3002989429514855,0.0005003089900128543,0.011712206003721803,0.0013004380161873996,0.0020082000410184264,0.0009843799634836614,0.3585169829893857,8,11,30
9,9,10,0.005505045992322266,0.03615939198061824,0.30034309200709686,0.0005372930318117142,0.010692492011003196,0.001193894015159458,0.0020377340260893106,0.0010513260494917631,0.3576728359912522,8,11,30
10,10,11,0.010585445968899876,0.030890306981746107,0.30033761297818273,0.0005039339885115623,0.01595979096600786,0.0012968610390089452,0.002188943966757506,0.001163247972726822,0.3630656899767928,8,11,30
11,11,12,0.005467976036015898,0.036045843036845326,0.30034803500166163,0.00047820701729506254,0.010990400973241776,0.0016517069889232516,0.0037863579927943647,0.0014198299613781273,0.3603638840140775,8,11,30
12,12,13,0.0055568700190633535,0.035901651019230485,0.30035131401382387,0.0005343579687178135,0.015899093996267766,0.001465175999328494,0.0029211720102466643,0.001483589003328234,0.36430819699307904,8,11,30
13,13,14,0.005543814972043037,0.03122245497070253,0.3004688259679824,0.0008176169940270483,0.011441235023085028,0.002573753008618951,0.0024449570337310433,0.0012590300175361335,0.3560114110005088,8,11,30
14,14,15,0.005470892006997019,0.030756733031012118,0.30033510900102556,0.0005088369944132864,0.01072910602670163,0.0012883729650638998,0.0020963949500583112,0.0012792139896191657,0.3526177969761193,8,11,30
15,15,16,0.006044988986104727,0.03655134100699797,0.30047001101775095,0.0007613259949721396,0.011420620023272932,0.0012840440031141043,0.0020990900229662657,0.0018870250205509365,0.36074516404187307,8,11,30
16,16,17,0.005568605032749474,0.030896954995114356,0.3001892149914056,0.00047857395838946104,0.010721726983319968,0.0012048220378346741,0.002034703968092799,0.0013871229602955282,0.3526557679870166,8,11,30
17,17,18,0.005429916025605053,0.04100361402379349,0.30030653602443635,0.0005564719904214144,0.01094090100377798,0.001290084037464112,0.002031120005995035,0.0014197580167092383,0.3631215569912456,8,11,30
18,18,19,0.005576501949690282,0.03597348096081987,0.3003417600411922,0.000534437014721334,0.010701256047468632,0.00127834000159055,0.002118964970577508,0.0019596510101109743,0.3586495749768801,8,11,30
19,19,20,0.005758326034992933,0.030604052008129656,0.30032827297691256,0.000451411004178226,0.01072308496804908,0.0012387819588184357,0.0020569879561662674,0.001529664034023881,0.35283023200463504,8,11,30
20,20,21,0.005440366978291422,0.030658987001515925,0.3003381250309758,0.0005255530122667551,0.010818479990120977,0.0016078570042736828,0.002043957996647805,0.001594240020494908,0.35315081698354334,8,11,30
21,21,22,0.00564373005181551,0.035940816975198686,0.3002096900017932,0.0005683540366590023,0.0108181539690122,0.001575694011989981,0.0024370329920202494,0.001938951958436519,0.3593080920400098,8,11,30
22,22,23,0.005504867993295193,0.040922777028754354,0.30046798300463706,0.000632674025837332,0.01091944397194311,0.0015277069760486484,0.002421411976683885,0.0019868259551003575,0.36453626601723954,8,11,30
23,23,24,0.005567495012655854,0.03117276798002422,0.3004683770122938,0.0008196400012820959,0.011442411981988698,0.002704612968955189,0.0038016700418666005,0.00323493400355801,0.35945833899313584,8,11,30
24,24,25,0.006026737974025309,0.03645877499366179,0.3004518219968304,0.006655099045019597,0.011076491966377944,0.001599607989192009,0.002732774999458343,0.0029969189781695604,0.3682425339939073,8,11,30
25,25,26,0.005617401038762182,0.03605547599727288,0.3004428140120581,0.0006077180150896311,0.010995327029377222,0.0015516800340265036,0.0024123210459947586,0.0021056790137663484,0.3599919420084916,8,11,30
26,26,27,0.005657450994476676,0.036056069016922265,0.30034588696435094,0.0005432100151665509,0.010865582968108356,0.001554629998281598,0.002472726977430284,0.002472786989528686,0.36015206295996904,8,11,30
27,27,28,0.005562125996220857,0.03583983099088073,0.3003457610029727,0.0006778410170227289,0.011023475031834096,0.0014875669730827212,0.0023738619638606906,0.0017698960145935416,0.359244593011681,8,11,30
28,28,29,0.005327413964550942,0.02541796799050644,0.30011176597326994,0.0005402899696491659,0.010685164015740156,0.0011586309992708266,0.0020030559971928596,0.0019239630200900137,0.34727525198832154,8,11,30
29,29,30,0.0054417559877038,0.03590348095167428,0.30042227095691487,0.0006315700011327863,0.010807849001139402,0.0015673250309191644,0.002755628025624901,0.0035482789971865714,0.36123629298526794,8,11,30
30,30,31,0.0060485550202429295,0.031945007969625294,0.30047310900408775,0.000843005022034049,0.010778572992421687,0.0012745560379698873,0.0020198539714328945,0.002033824974205345,0.355698689003475,8,11,30
31,31,32,0.005462659988552332,0.03587993502151221,0.3004046399728395,0.0005521600251086056,0.01094322995049879,0.0013767380150966346,0.0019902330241166055,0.0020543410209938884,0.35880935500608757,8,11,30
32,32,33,0.005743138026446104,0.030877471959684044,0.3004568020114675,0.0005160740111023188,0.00563393795164302,0.0012948979856446385,0.0020743159693665802,0.0021314139594323933,0.3489178989548236,8,11,30
33,33,34,0.005566927022300661,0.03601924201939255,0.3003388049546629,0.00016266299644485116,0.010219260992016643,0.0002436409704387188,0.0004510419676080346,0.0004546659765765071,0.35355932102538645,8,11,30
34,34,35,0.005131390993483365,0.030641206947620958,0.3004428319982253,0.0008261629845947027,0.010982139967381954,0.0013266209862194955,0.002085859014187008,0.002231113030575216,0.3537872710148804,8,11,30
35,35,36,0.005541158025152981,0.036030912946444005,0.30033971701050177,0.0005090999766252935,0.010720947990193963,0.001186345994938165,0.002020875981543213,0.0022007100051268935,0.35870996600715443,8,11,30
36,36,37,0.005454986996483058,0.035863454977516085,0.30043687496799976,0.0006509399972856045,0.010785319027490914,0.001264894031919539,0.0024663060321472585,0.002244803006760776,0.3593373309704475,8,11,30
37,37,38,0.00545351899927482,0.0358801229740493,0.30033666401868686,0.0004880590131506324,0.010727014974690974,0.0012836669920943677,0.002470478997565806,0.00231525901472196,0.3590911279898137,8,11,30
38,38,39,0.005498490994796157,0.03589739801827818,0.30033299000933766,0.0005142709705978632,0.01070563803659752,0.0012016199762001634,0.0022730229538865387,0.002393040049355477,0.3589537809602916,8,11,30
39,39,40,0.005468125978950411,0.03587277402402833,0.3003220349783078,0.0004882640205323696,0.010723867977503687,0.001194194017443806,0.0020040160161443055,0.0023789890110492706,0.35859215998789296,8,11,30
40,40,41,0.005435248953290284,0.03576252603670582,0.30032029503490776,0.00014357100008055568,0.005162308982107788,0.0002551329671405256,0.00043152301805093884,0.0004965760163031518,0.3480774980271235,8,11,30
41,41,42,0.005130083009134978,0.025416501972358674,0.3001076279906556,0.0005321819917298853,0.010710308968555182,0.0012248160201124847,0.0020786430104635656,0.0024893679656088352,0.34777892497368157,8,11,30
42,42,43,0.0054724630317650735,0.035823224985506386,0.3004195669782348,0.0005187689675949514,0.005644501012284309,0.001334655040409416,0.002373358001932502,0.0025895870057865977,0.3543312649708241,8,11,30
43,43,44,0.00548512302339077,0.031037967011798173,0.3003165439586155,0.0005427619908004999,0.010692624025978148,0.0014093139907345176,0.001992420991882682,0.0025566929834894836,0.3541934610111639,8,11,30
44,44,45,0.0054575109970755875,0.035854229994583875,0.30005074897781014,0.00044825696386396885,0.01070064801024273,0.0012293839827179909,0.001989989948924631,0.002632272953633219,0.35849313100334257,8,11,30
45,45,46,0.00542795896762982,0.03087671397952363,0.30028802301967517,0.0005007690051570535,0.01072811899939552,0.0012866230099461973,0.0020418150234036148,0.0026692820247262716,0.3539462009794079,8,11,30
46,46,47,0.005479739047586918,0.03602710802806541,0.3004003670066595,0.0005073200445622206,0.010850074992049485,0.0013316079857759178,0.002014402998611331,0.0026818689657375216,0.35943463898729533,8,11,30
47,47,48,0.005471101030707359,0.030907504027709365,0.30033509398344904,0.000564035028219223,0.010890812030993402,0.0013120200019329786,0.002386624983046204,0.002976676041726023,0.35500420100288466,8,11,30
48,48,49,0.005529590998776257,0.03078282403293997,0.30041557404911146,0.0005412639584392309,0.010861615999601781,0.0013025850057601929,0.00201552698854357,0.002790440048556775,0.3543850149726495,8,11,30
49,49,50,0.005554336006753147,0.0359723080182448,0.3004277719883248,0.0005039529642090201,0.005592664994765073,0.0012726550339721143,0.0025229970342479646,0.002868661016691476,0.35487289796583354,8,11,30
50,50,51,0.00545822101412341,0.035837490984704345,0.3000999090145342,0.00048653100384399295,0.010723961051553488,0.0011974590015597641,0.0020055680070072412,0.002903439977671951,0.35885022301226854,8,11,30
51,51,52,0.005444595008157194,0.035956754989456385,0.30034818599233404,0.0005702980561181903,0.01094572601141408,0.001321199000813067,0.0020187069894745946,0.002916158002335578,0.35965513897826895,8,11,30
52,52,53,0.0055150879779830575,0.03607990295859054,0.3001374159939587,0.0004991540336050093,0.010758751013781875,0.007052931992802769,0.0022042569471523166,0.002954562020022422,0.3653644139994867,8,11,30
53,53,54,0.005421475972980261,0.030686782964039594,0.3003412149846554,0.0005677019944414496,0.0055652259616181254,0.001255809038411826,0.002030565985478461,0.005190541967749596,0.35120558401104063,8,11,30
54,54,55,0.005484608991537243,0.030673699046019465,0.30032554001081735,0.0005591179942712188,0.010677958955056965,0.001209255016874522,0.0020377630135044456,0.003067925979848951,0.35418281302554533,8,11,30
55,55,56,0.005462076980620623,0.03586590604390949,0.300094940001145,0.0004562439862638712,0.010775681992527097,0.0013289569760672748,0.0027491500368341804,0.004076755023561418,0.3609725279966369,8,11,30
56,56,57,0.00545977900037542,0.03068068699212745,0.30033670499688014,0.00046073796693235636,0.010971155017614365,0.0012743030092678964,0.002484005002770573,0.003229708003345877,0.3550379339721985,8,11,30
57,57,58,0.005681966955307871,0.035939248977229,0.3003342369920574,0.0007994099869392812,0.010746565007138997,0.0013013010029681027,0.002032315998803824,0.00319862604374066,0.360192512976937,8,11,30
58,58,59,0.005454300960991532,0.035917959990911186,0.3004384600208141,0.0005313019501045346,0.010927393042948097,0.0013340130099095404,0.0020075880456715822,0.003207581990864128,0.35995553102111444,8,11,30
59,59,60,0.005549562978558242,0.036073725030291826,0.3001839970238507,0.0005205979687161744,0.010799776995554566,0.0013492759899236262,0.0020262670004740357,0.004083982028532773,0.3607520990190096,8,11,30
60,60,61,0.005470077972859144,0.03083326102932915,0.3002739099902101,0.0005357250338420272,0.010711756011005491,0.0012699069920927286,0.0021378729725256562,0.0033353249891661108,0.35471825004788116,8,11,30
61,61,62,0.0054360670037567616,0.030793686979450285,0.30032639199635014,0.0005110299680382013,0.010758171963971108,0.0014844799879938364,0.0024921619915403426,0.003520217025652528,0.35546991002047434,8,11,30
62,62,63,0.00556939298985526,0.03065337397856638,0.3004211309598759,0.0005213129916228354,0.01076289004413411,0.0013145330012775958,0.002000977983698249,0.0034796459949575365,0.3549137730151415,8,11,30
63,63,64,0.005537407007068396,0.03600051300600171,0.300338332017418,0.0004957300261594355,0.010658931045327336,0.0011912210029549897,0.001941126014571637,0.0034301310079172254,0.35976559802656993,8,11,30
64,64,65,0.0054421150125563145,0.03079976700246334,0.300425241002813,0.000595415011048317,0.010729364003054798,0.0003024200559593737,0.000504883995745331,0.0009530099923722446,0.3498346930136904,8,11,30
65,65,66,0.005182334978599101,0.03585362900048494,0.3002573929843493,0.0004917510086670518,0.01072467298945412,0.0012054480030201375,0.0020073879859410226,0.003552396025042981,0.359387700969819,8,11,30
66,66,67,0.005445496994070709,0.03578531899256632,0.30035789898829535,0.0004694619565270841,0.015836751030292362,0.0014363439986482263,0.0020059579983353615,0.0035679020220413804,0.36505007900996134,8,11,30
67,67,68,0.005451328004710376,0.030723058967851102,0.3000573000172153,0.00040586001705378294,0.0054113760124892,0.0006907369825057685,0.0011668300139717758,0.0030600499594584107,0.34708567103371024,8,11,30
68,68,69,0.005375287961214781,0.025557040993589908,0.30033641296904534,0.0005012669716961682,0.010748776025138795,0.0012258180067874491,0.0019915589946322143,0.004688749031629413,0.3505570979905315,8,11,30
69,69,70,0.00543959200149402,0.035891042032744735,0.30034199799411,0.0005677000153809786,0.010714060976170003,0.001323784003034234,0.0020990720367990434,0.003764909051824361,0.36028618802083656,8,11,30
70,70,71,0.005462594970595092,0.0359562179655768,0.300360778986942,0.0005115129752084613,0.01081075199181214,0.0012742209946736693,0.0020434820326045156,0.004974055977072567,0.36153902404475957,8,11,30
71,71,72,0.0003177439793944359,0.0358757019857876,0.3003238220117055,0.0002173819812014699,0.010414261021651328,0.0009879199787974358,0.0017001550295390189,0.002745238016359508,0.35270187800051644,8,11,30
72,72,73,0.005288718966767192,0.030789513024501503,0.3001000030199066,0.00046643102541565895,0.010718439007177949,0.0012480209697969258,0.002008860989008099,0.004687324981205165,0.3554278209921904,8,11,30
73,73,74,0.00554938695859164,0.03085084998747334,0.3003212779876776,0.00014338904293254018,0.005175049009267241,0.00030254898592829704,0.0005088659818284214,0.0008286830270662904,0.34379182499833405,8,11,30
74,74,75,0.005151861987542361,0.030656472023110837,0.3003369770012796,0.0005645700148306787,0.010793649009428918,0.0013406819780357182,0.0020300429896451533,0.004991841968148947,0.3559840609668754,8,11,30
75,75,76,0.0003149010008201003,0.04106565500842407,0.30040302098495886,0.0005118330009281635,0.010832589003257453,0.0014174989773891866,0.003914596978574991,0.00470552803017199,0.36330440902384,8,11,30
76,76,77,0.005398091045208275,0.025687755027320236,0.3003427530056797,0.000531519006472081,0.01073725800961256,0.0012711490271613002,0.0020706389914266765,0.005006686027627438,0.35118164197774604,8,11,30
77,77,78,0.005473143013659865,0.030873358948156238,0.300413551973179,0.0005307060200721025,0.01093415601644665,0.0012910100049339235,0.0019797139684669673,0.004195017972961068,0.3558498159982264,8,11,30
78,78,79,0.005742293957155198,0.03613626700825989,0.30042740498902276,0.000657671014778316,0.010937072045635432,0.0013005819637328386,0.002010486030485481,0.004230172955431044,0.36163062299601734,8,11,30
79,79,80,0.005577863019425422,0.030895304982550442,0.3003538490156643,0.0005219299928285182,0.005591180000919849,0.0012756320065818727,0.0021208749967627227,0.004333829972893,0.3508504329947755,8,11,30
80,80,81,0.005577460979111493,0.030949829961173236,0.3003397780121304,0.0009989530080929399,0.010777488991152495,0.001321610005106777,0.0021673549781553447,0.005710767989512533,0.35802808200242,8,11,30
81,81,82,0.0003765100263990462,0.03585168201243505,0.3003406469943002,0.0004800109891220927,0.010722609993536025,0.0012607050011865795,0.002041466999799013,0.004215331980958581,0.35544666001806036,8,11,30
82,82,83,0.0054245469509623945,0.035891062987502664,0.3004251820384525,0.0005737660103477538,0.010725506988819689,0.001280174998100847,0.002039728977251798,0.005450581025797874,0.3619593619951047,8,11,30
83,83,84,0.005490337032824755,0.03579669794999063,0.30023466801503673,0.0004484020173549652,0.010733122006058693,0.0012920559966005385,0.002188156999181956,0.005603027006145567,0.36193438596092165,8,11,30
84,84,85,0.00031645101262256503,0.0358887740294449,0.30033005797304213,0.0005052750348113477,0.010722151957452297,0.0011926270090043545,0.002257173997350037,0.004330352996475995,0.35567671403987333,8,11,30
85,85,86,0.005431965983007103,0.030803553003352135,0.30033200402976945,0.000498936977237463,0.00576875900151208,0.0012888070195913315,0.00245911703677848,0.004404587030876428,0.35121689504012465,8,11,30
86,86,87,0.005613935994915664,0.030938974989112467,0.30033052602084354,0.0004505850374698639,0.010689722024835646,0.0011574960080906749,0.0022430969984270632,0.004460520984139293,0.3560562679776922,8,11,30
87,87,88,0.00544767698738724,0.030744599003810436,0.30044861702481285,0.0005892179906368256,0.005628661019727588,0.0013301520375534892,0.0020078819943591952,0.004473915963899344,0.35081518499646336,8,11,30
88,88,89,0.005502382991835475,0.031005455006379634,0.3003309349878691,0.0004957930068485439,0.010719858983065933,0.0012672980083152652,0.0020618950366042554,0.0045573809766210616,0.3561059309868142,8,11,30
89,89,90,0.005428233998827636,0.030713346030097455,0.3003304539597593,0.00046172901056706905,0.010685372981242836,0.0014372430159710348,0.0019968239939771593,0.00462722999509424,0.35580881900386885,8,11,30
90,90,91,0.005447911971714348,0.037347334960941225,0.3004629679489881,0.0009488160139881074,0.010798644041642547,0.0012334060156717896,0.002069170994218439,0.00463086599484086,0.3630938239512034,8,11,30
91,91,92,0.005507023015525192,0.030960367002990097,0.30046312703052536,0.0007880329503677785,0.006190011976286769,0.002714846981689334,0.0025146559928543866,0.0046583759831264615,0.354008920956403,8,11,30
92,92,93,0.005559554963838309,0.03595260297879577,0.3004120760015212,0.0004906430258415639,0.010929537005722523,0.0013166540302336216,0.00201030500466004,0.004716461000498384,0.36155911901732907,8,11,30
93,93,94,0.005451302044093609,0.030975394998677075,0.3005886640166864,0.0005436550127342343,0.01075580803444609,0.0012615139712579548,0.0020837580086663365,0.004923810949549079,0.35676226700888947,8,11,30
94,94,95,0.0002758900518529117,0.04104821098735556,0.30034012597752735,0.000574636971578002,0.010728512017522007,0.0012448130291886628,0.0020608390332199633,0.004803418007213622,0.36121320398524404,8,11,30
95,95,96,0.005520892969798297,0.03083179797977209,0.300337751978077,0.0004925119574181736,0.010686181951314211,0.0011915909708477557,0.0020043529802933335,0.004854828002862632,0.3560905790072866,8,11,30
96,96,97,0.005429964978247881,0.03076433902606368,0.3003316639806144,0.00046089699026197195,0.010700177983380854,0.0012624459923245013,0.002010831027291715,0.004889913951046765,0.35597553703701124,8,11,30
97,97,98,0.005426652962341905,0.03069466899614781,0.30033666401868686,0.0004739569849334657,0.005580191966146231,0.0012165100197307765,0.0023248379584401846,0.0009710019803605974,0.3471342750126496,8,11,30
98,98,99,0.005215916957240552,0.03079894301481545,0.30028255202341825,0.0004672519862651825,0.010706276050768793,0.0012021290021948516,0.0022309200139716268,0.0049915629788301885,0.35601974301971495,8,11,30
99,99,100,0.005449049000162631,0.030773848993703723,0.3003316539688967,0.0005553369992412627,0.010813751025125384,0.00042101001599803567,0.000481861992739141,0.0010703380103223026,0.3499792609945871,8,11,30
