stage,count,total_sec,avg_sec,min_sec,max_sec
wait_local_write_sec,99,0.6320004366571084,0.006383842794516246,0.0002758900518529117,0.10344273102236912
wait_scada_downlink_sec,99,3.3405114336055703,0.0337425397333896,0.025416501972358674,0.04108161199837923
logic_wait_sec,99,29.733747319784015,0.30034088201802034,0.30005074897781014,0.3005886640166864
signal_read_actuators_sec,99,0.05936655687401071,0.0005996621906465728,0.00014338904293254018,0.006655099045019597
wait_actuator_read_sec,99,1.0280715290573426,0.010384560899569116,0.005162308982107788,0.01605238701449707
merge_actuator_state_sec,99,0.13377734320238233,0.0013512862949735588,0.0002436409704387188,0.007052931992802769
physics_step_publish_sec,99,0.21139789692824706,0.002135332292204516,0.00043152301805093884,0.003914596978574991
write_cycle_logs_sec,99,0.28918644395889714,0.0029210751915040114,0.0004546659765765071,0.005710767989512533
cycle_total_sec,99,35.44329748797463,0.3580131059391377,0.34379182499833405,0.461518464027904
