iteration,timestamp,PU1F,PU2F,J280,J269,PU1,PU2,T1,V2,PU4,PU5,PU6,PU7,T2,V2F,J300,J256,J289,J415,J14,J422,PU4F,PU5F,PU6F,PU7F,T3,T4,PU8,PU10,PU11,PU8F,PU10F,PU11F,J302,J306,J307,J317,T5,T6,T7
0,2026-05-26 15:18:45.131018,0.0,0.0,0.0,0.0,0,0,0.0,0,0,0,0,0,0.0,0.0,0.0,0.0,0.0,0.0,0.0,0.0,0.0,0.0,0.0,0.0,0.0,0.0,0,0,0,0.0,0.0,0.0,0.0,0.0,0.0,0.0,0.0,0.0,0.0
1,2026-05-26 15:18:45.935594,0.0,0.0,0.0,0.0,0,1,3.0,0,0,0,0,0,0.5,0.0,0.0,0.0,0.0,0.0,0.0,0.0,0.0,0.0,0.0,0.0,3.0,2.5,0,0,0,0.0,0.0,0.0,0.0,0.0,0.0,0.0,1.0,5.2,2.5
2,2026-05-26 15:18:49.557739,90.69135927018522,90.70864765657396,2.9779405952665683,37.935620892360994,1,1,3.0,0,0,0,0,1,0.5,0.0,23.633673257310402,72.27549369974265,23.595626130948865,84.10872465218526,41.47626660496803,24.99758745986274,0.0,0.0,0.0,48.33064960103543,3.0,2.5,1,0,0,38.16952076648579,0.0,0.0,29.25943565928442,85.42058925821367,29.25943565928677,57.58793379253149,1.0,5.200000000000003,2.5
3,2026-05-26 15:18:49.920194,90.65919435252037,90.6764735955808,2.9779550849998997,37.95250101877196,1,1,3.03190833456307,0,0,0,0,1,0.45724777040740605,0.0,23.59261943044268,72.24956213688569,23.554606928691992,84.1116335296959,41.502846136893446,24.956375365180467,0.0,0.0,0.0,48.30690067667734,2.974067419159752,2.519460973464817,1,0,0,38.16199408550767,0.0,0.0,29.289811945913904,85.46529051631384,29.289811945916217,57.466403079018654,1.0542067321720623,5.170016590858168,2.3851162163676776
4,2026-05-26 15:18:50.283969,96.097960633204,96.11681245837168,2.975443267434013,35.06837679114541,1,1,3.0637945058748386,1,1,0,0,1,0.4145165481532729,107.3548056092477,25.318212003647055,89.18863872077705,25.37965455498828,84.62488198101514,28.418928040442836,27.51892688489158,33.948793462784174,0.0,0.0,49.00850807726523,2.9481348420927986,2.538855027452854,1,0,0,37.45686300574938,0.0,0.0,27.133043219434246,84.63694706568899,27.133043219436804,57.393844550465296,1.1083931225709875,5.13977084693208,2.267910547632198
5,2026-05-26 15:18:50.646555,96.10055289274459,96.11940547820106,2.9754420358603357,35.066987910810184,1,1,3.0583410427247344,1,1,0,0,1,0.4360982542312257,107.22449840520198,25.33564545150409,89.22159466754358,25.397038643405693,84.64517479745615,28.435210655166077,27.53520950101743,33.93926340961871,0.0,0.0,49.00696996971225,2.9909894220343034,2.5602269521924654,1,0,0,37.43960710726008,0.0,0.0,27.131770743103058,84.66783568900338,27.131770743105637,57.271818509412114,1.160674352291636,5.109405991738868,2.1536072676437925
6,2026-05-26 15:18:51.004359,96.10309755190879,96.12195088370804,2.9754408346093553,35.06562452204527,1,1,3.0529471274591202,1,1,0,0,1,0.4575744878045924,107.09469179766984,25.353010193172835,89.25450277455752,25.41435419148511,84.66543308775472,28.451430672737615,27.551429519986186,33.92986710413776,0.0,0.0,49.005413816683806,3.03382468982808,2.581594633974987,1,0,0,37.42236342192868,0.0,0.0,27.130530137880314,84.69870790646779,27.130530137882946,57.17329454028586,1.2129089536009872,5.078781385146669,2.036917310890331
7,2026-05-26 15:18:51.362550,96.10560266531083,96.12445673186363,2.9754396487232024,35.064282305440166,1,1,3.047612538242518,1,1,0,0,1,0.4789455795041988,106.96543729497421,25.37031024230877,89.2873742337672,25.431604987935746,84.68567526588811,28.467590710695692,27.56758955933554,33.92045089204318,0.0,0.0,49.00383186232949,3.076640916473238,2.602957907714284,1,0,0,37.40513779989827,0.0,0.0,27.129325958782157,84.72956594002652,27.129325958784793,57.075006907884685,1.2650969595019035,5.0479667656989875,1.920486022878194
8,2026-05-26 15:18:51.720652,96.10806863580981,96.12692342564486,2.9754384810932626,35.062961048777645,1,1,3.042337014669272,1,1,0,0,1,0.5002120721027126,106.83674535974319,25.387544445706595,89.32020858528132,25.448789870534835,84.7058916753545,28.483689387332824,27.583688237357894,33.91101428580421,0.0,0.0,49.00222859449604,3.1194380616157957,2.624316743103776,1,0,0,37.38793022003539,0.0,0.0,27.128158094777508,84.76040977824925,27.128158094780133,56.97674438443014,1.3172384188035409,5.01696390205791,1.8043109955154364
9,2026-05-26 15:18:52.080394,96.11049637073462,96.12935187264608,2.975437331855587,35.06166026705244,1,1,3.037120293433574,1,1,0,0,1,0.5213744748265583,106.70860633416623,25.404714220246976,89.35300635450605,25.46591026453474,84.72609071711642,28.499728288799677,27.599727140204017,33.901557805150915,0.0,0.0,49.00060032077455,3.1622160839535383,2.6456710417635065,1,0,0,37.37074063547372,0.0,0.0,27.127026364517572,84.79123938130975,27.12702636452012,56.87851015930919,1.369333380257828,4.985774376063503,1.6883900660078695
10,2026-05-26 15:18:52.438260,96.11286786047059,96.13172405797003,2.975436208046447,35.060389608928574,1,1,3.0319621137300885,1,1,0,0,1,0.542433324626856,106.58101941342579,25.421820439096205,89.38576785542477,25.48296704059156,84.74626769905268,28.51570847045452,27.615707323232186,33.892081769660734,0.0,0.0,48.9989499791988,3.204974943224144,2.6670207642245316,1,0,0,37.35356922424944,0.0,0.0,27.125931283177486,84.82205498757294,27.12593128317993,56.78030565034782,1.4213818924897055,4.954399747313573,1.5727211217209742
11,2026-05-26 15:18:52.801385,96.1152055697135,96.13406245290085,2.975435103535221,35.05913704303956,1,1,3.026862235361307,1,1,0,0,1,0.5633891742941017,106.45399425533242,25.438861306087244,89.41849236621076,25.49995838837586,84.76640725177899,28.531627808763606,27.631626662908552,33.88258551030039,0.0,0.0,48.997284738235386,3.247714599800773,2.6883658319680706,1,0,0,37.336415851016284,0.0,0.0,27.124872395391925,84.85285644794479,27.124872395394412,56.68213275892149,1.4733840046054496,4.922841548522499,1.4573020743378038
12,2026-05-26 15:18:53.161699,96.55553729119461,96.57452347790363,2.9752262643668197,34.823008876648,1,1,3.0218203923857345,1,1,0,0,1,0.5842425261281221,104.22486212490867,25.38736892090042,89.42450046457486,25.448316812076314,84.76782014119522,28.4627377623506,27.562736640489593,33.8477418785719,0.0,0.0,48.96920798584065,3.290435012705103,2.709706056464796,1,1,0,35.267242089362504,30.858301454584343,0.0,20.90905282085875,82.42072187635681,20.79683615702168,67.98396602812136,1.5253397653455778,4.8911012878562445,1.3421308669315977
13,2026-05-26 15:18:53.526402,95.99528430883304,96.0141060278407,2.975491838637048,35.12337798115405,1,1,3.006766553961839,1,1,0,0,1,0.6031796963379321,105.60450450668668,25.516616620801464,90.2963223654176,25.576423846104845,86.58304515181011,28.585479576534777,27.685478439823505,33.39402101274041,0.0,0.0,48.062654197307374,3.3330848236932127,2.730967287991234,1,1,0,35.026688947364455,30.711926992123985,0.0,21.302595569727046,83.23043691315912,21.191362380107844,68.86588172364344,1.5717049304549988,4.911775708122974,1.3895770700421082
14,2026-05-26 15:18:53.883077,96.00174684945715,96.02057046287226,2.975488783497713,35.11991681876057,1,1,2.995282327062995,1,1,0,0,1,0.6245405482129769,105.45206884421532,25.533611773792984,90.32994394076898,25.593381781790047,86.62290272506247,28.601049337496523,27.701048202426048,33.383782648238075,0.0,0.0,48.05016384428155,3.3778215719109994,2.780731561557559,1,1,0,35.00775205068902,30.701884972696856,0.0,21.301689070728212,83.26216924854332,21.19052323440177,68.89838738489729,1.6260529828773542,4.9362366013584165,1.4532108542934452
15,2026-05-26 15:18:54.236034,96.00813498995373,96.02696047606089,2.975485760807609,35.11649537661691,1,1,2.9838738823328583,1,1,0,0,1,0.6457866659755069,105.30025289125433,25.550546572875476,90.36352907230317,25.610279265365158,86.66267932243893,28.616565154367816,27.716564020931465,33.37352413699543,0.0,0.0,48.03767693541687,3.4225375727172462,2.830460714595347,1,1,0,34.9890031667055,30.689665121370105,0.0,21.301336980179016,83.29409308793274,21.190253081778952,68.9386672420459,1.6803498648694557,4.960720027323688,1.5144781909132234
16,2026-05-26 15:18:54.596458,96.01447624086379,96.03330358597798,2.9754827644812822,35.113098972395136,1,1,2.9725416830347484,1,1,0,0,1,0.6669185996416758,105.14901238283869,25.567411925300433,90.39707403346397,25.627107252913166,86.70244919707048,28.63201656746784,27.732015435659417,33.363243950646755,0.0,0.0,48.02515059167921,3.4672327853070186,2.880154466182802,1,1,0,34.970269539340755,30.6774963464054,0.0,21.301010013084802,83.32599628308807,21.19000767585605,68.97877597641218,1.7345960844174044,4.98524735281741,1.5755942045508107
17,2026-05-26 15:18:54.950288,96.02076060021807,96.03958978772096,2.975479793272509,35.10973295871316,1,1,2.961285437873599,1,1,0,0,1,0.6879369214126001,104.99836261050177,25.58420685591345,90.43057840878205,25.643864721153218,86.74215289104029,28.647402953083255,27.747401822896407,33.35294172075965,0.0,0.0,48.01261665915799,3.5119071657567957,2.9298130205075097,1,1,0,34.951553981512035,30.66534560707831,0.0,21.300716755817348,83.35788231171377,21.189795832342483,69.01883602019097,1.7887916827471173,5.009817905308367,1.6365601853201923
18,2026-05-26 15:18:55.313687,96.026999157776,96.0458301742988,2.9754768417895208,35.1063913977489,1,1,2.9501048727601358,1,1,0,0,1,0.708842180564929,104.84828908752775,25.60093235966049,90.46404256921372,25.660552686000777,86.78181531618291,28.66272519230415,27.762724063732673,33.342617808666695,0.0,0.0,48.00006208700632,3.556560669400696,2.9794361968959606,1,1,0,34.93285626299826,30.653212834691445,0.0,21.300456484874736,83.38975091321569,21.18961681947615,69.05884691158684,1.8429367086846469,5.034431376099022,1.6973766924913605
19,2026-05-26 15:18:55.672029,96.03319089212775,96.05202372400099,2.9754739102558645,35.10307483791643,1,1,2.9389997054601764,1,1,0,0,1,0.729634941373476,104.6988054958149,25.617587331654228,90.49746605297639,25.677170028776615,86.82142066177823,28.677982024214135,27.777980897251673,33.33227179478005,0.0,0.0,47.98749487507637,3.601193252297506,3.029023978675781,1,1,0,34.91417651446462,30.64109811736062,0.0,21.300229546065662,83.42160225874889,21.189470996887962,69.0988088215163,1.8970312104345055,5.059087456840814,1.7580442790616502
20,2026-05-26 15:18:56.025832,96.03933657871603,96.05817121249643,2.9754710052035076,35.099782872496306,1,1,2.92796965314011,1,1,0,0,1,0.7503157354322809,104.54989815346494,25.634172837172947,90.53084925282798,25.693717837612418,86.86099606219385,28.693174395130896,27.793173269771252,33.321904070461834,0.0,0.0,47.97490076961746,3.6458048696810152,3.078576250888176,1,1,0,34.89551466593746,30.629001383409534,0.0,21.300035688939637,83.45343628043332,21.189358107751755,69.13872183407061,1.9510752365537627,5.083785841690073,1.8185634970510165
21,2026-05-26 15:18:56.379202,96.0454253773186,96.0642617963829,2.9754681266038703,35.096521304699344,1,1,2.9170144344305555,1,1,0,0,1,0.7708851110566712,104.40158396164634,25.6506901196295,90.56419265111265,25.710197340745246,86.90052040507291,28.708303996806805,27.80830287304359,33.31151508253843,0.0,0.0,47.96229195271978,3.690395477544328,3.128093067060888,1,1,0,34.87687083389734,30.616922928930038,0.0,21.299875209747196,83.4852531323763,21.189278448644533,69.17858536920023,2.0050688354104835,5.1085262270437966,1.8789348968902573
22,2026-05-26 15:18:56.738318,96.05147310816295,96.0703113005251,2.9754652627371083,35.09328165802332,1,1,2.9061337770970823,1,1,0,0,1,0.7913436449095315,104.2538733829872,25.66713862745209,90.59749599364693,25.726607991875056,86.94000107306573,28.723369993258377,27.8233688710851,33.30110462480874,0.0,0.0,47.94966407263808,3.734965032822757,3.177574349505278,1,1,0,34.85824469402291,30.60486232602839,0.0,21.299747121666442,83.51705244442532,21.189231030788584,69.21839995771712,2.059012055687603,5.133308309742105,1.939159022712147
23,2026-05-26 15:18:57.103179,96.05746635497145,96.07630630471056,2.975462428955938,35.09007112966735,1,1,2.8953273891357867,1,1,0,0,1,0.8116918912951689,104.10675675967695,25.683519181453672,90.63075958868971,25.74295060362219,86.97942641045844,28.738373450658358,27.838372330068623,33.29067299085089,0.0,0.0,47.9370239306433,3.7795134920027067,3.227020062697818,1,1,0,34.83963646155622,30.592819863345003,0.0,21.299652007958358,83.54883448798917,21.189216436754954,69.2581653295344,2.1129049451915876,5.158131790018416,1.9992364202378496
24,2026-05-26 15:18:57.461148,96.06342624405526,96.08226794144352,2.975459605232525,35.08687839440922,1,1,2.8845949954998957,1,1,0,0,1,0.8319304204665343,103.96023570135071,25.699830492741402,90.66398289761813,25.759223894345883,87.01880746229779,28.75331258111055,27.853311462097942,33.28021969439026,0.0,0.0,47.92436476343219,3.8240408121836253,3.276430103045442,1,1,0,34.8210458830499,30.580795403078348,0.0,21.299589093687725,83.58059897742193,21.18923389811788,69.29788127510334,2.166747552310582,5.18299636932943,2.059167631088201
25,2026-05-26 15:18:57.830852,95.93202676346354,95.9508299423915,2.9755217382784047,35.1572530277044,1,1,2.8739362994642903,1,1,0,0,1,0.8520597602899755,104.14988693196392,25.752754541989553,91.46609750770071,25.809734707498787,87.18052663992904,28.799669641991667,27.899668520937684,32.81329525538355,0.0,0.0,47.8633639603243,3.8685469494878504,3.325804428232402,1,1,0,34.701087854921624,30.55222689187194,0.0,21.397778757077262,83.88386485650355,21.287614400481235,69.490481388571,2.2205399247479534,5.207901750501037,2.1189531932128887
26,2026-05-26 15:18:58.192221,95.93710784306121,95.95591251095406,2.975519343340583,35.154532385251116,1,1,2.864257489807514,1,1,0,0,1,0.8728238708075935,104.00515739749494,25.76959159175566,91.50033846962239,25.826532373258246,87.2210684937958,28.81513746965335,27.915136350157216,32.80235878149856,0.0,0.0,47.85032697626101,3.9149253792233907,3.3767461025317402,1,1,0,34.681760803256196,30.54155172139019,0.0,21.398286260599264,83.91732630551473,21.288193197627486,69.52624747470367,2.277125594513862,5.2334453871236235,2.1828534077030355
27,2026-05-26 15:18:58.552377,95.94213238905769,95.9609385294066,2.9755169654696996,35.151841927715154,1,1,2.854650778184322,1,1,0,0,1,0.8934811651249248,103.86101135574677,25.786371779745345,91.53454302207994,25.84327312333647,87.26157397484639,28.83055424109056,27.93055312314599,32.79140403412706,0.0,0.0,47.83727022466044,3.9612816469874588,3.4276509095858216,1,1,0,34.66257160027572,30.529296460210436,0.0,21.39919806939222,83.95091935488232,21.289186808397712,69.5676085757332,2.333659039480594,5.259016731588744,2.2450212727319183
28,2026-05-26 15:18:58.912804,95.94709957864075,95.96590717467487,2.975514619064986,35.149182137306134,1,1,2.8451164387923455,1,1,0,0,1,0.9140321947770644,103.71744478263167,25.80308559219255,91.56870723362721,25.85994743808612,87.30204996583022,28.84590948050109,27.94590836410185,32.780428698806425,0.0,0.0,47.82418748652098,4.007615715749338,3.478518854960754,1,1,0,34.64339881751231,30.51707740159451,0.0,21.400138550263684,83.98449257905641,21.290208822081958,69.60885328844735,2.390140632098607,5.284630664709425,2.3070393308694435
29,2026-05-26 15:18:59.260338,95.95202683063565,95.97083587068765,2.9755122901268667,35.146543682589176,1,1,2.8356542013256814,1,1,0,0,1,0.9344774966290288,103.57444721552156,25.819733223430735,91.60283116254602,25.876555482079784,87.34245860531554,28.861203766534278,27.961202651674242,32.769432836658595,0.0,0.0,47.81109963189966,4.053927543791332,3.5293500012165566,1,1,0,34.62424368871609,30.504876455282066,0.0,21.401111518284917,84.01804754474631,21.291263175956722,69.65004811070585,2.4465704167379556,5.310286692825443,2.368908516401774
30,2026-05-26 15:18:59.620064,95.95691049426682,95.97572096559846,2.9755099805163407,35.14392851964505,1,1,2.8262637862067237,1,1,0,0,1,0.9548176109957183,103.43201543514624,25.836315413008787,91.63691508363593,25.89309802630252,87.38283831448467,28.876437519517932,27.976436406191013,32.75841671662252,0.0,0.0,47.7979859559061,4.100217089529565,3.580144171655121,1,1,0,34.60510608531441,30.492693520975457,0.0,21.402116546540263,84.0515841121499,21.292349429261414,69.6911930024053,2.5029484411025322,5.3359845189667965,2.4306293758136803
31,2026-05-26 15:18:59.978288,95.96174674102244,95.98055862977267,2.975507697166772,35.14133870506147,1,1,2.816944917516622,1,1,0,0,1,0.9750530847458805,103.29016231858645,25.852831180406305,91.6709585730587,25.909574068334056,87.42316288199578,28.8916097407642,27.991608628964165,32.74737996504731,0.0,0.0,47.784860287972,4.146484311906505,3.630901429354253,1,1,0,34.58598632477383,30.480529241771666,0.0,21.403154525112004,84.08510267460291,21.293468498450657,69.73228686956395,2.5592747525481485,5.361723847707509,2.492202452715972
32,2026-05-26 15:19:00.337387,95.96653241960388,95.98534571098688,2.9755054300988992,35.13877591631839,1,1,2.8076973221331087,1,1,0,0,1,0.9951844357851769,103.14887176949128,25.869282643395863,91.70496248616918,25.925985737416887,87.46344358328753,28.90672284962714,28.006721739347938,32.736323353075775,0.0,0.0,47.77171758437817,4.192729169119104,3.681621675252728,1,1,0,34.566884199722956,30.468383161760066,0.0,21.404224795109588,84.11860299932418,21.294619700578703,69.77333063534286,2.615549399288483,5.387504382647023,2.553628280796133
33,2026-05-26 15:19:00.686460,95.97127427126489,95.99008895246956,2.9755031906890292,35.1362365594088,1,1,2.798520733675261,1,1,0,0,1,1.015212228813752,103.00815988421164,25.885668021816617,91.73892604796426,25.94233123926888,87.50366511312555,28.92177473789769,28.021773629133087,32.72524622478544,0.0,0.0,47.75856526246408,4.2389516209636895,3.7323048783143804,1,1,0,34.54779968006795,30.45625538605784,0.0,21.405327231197194,84.15208506517355,21.2958029200419,69.81432394253369,2.6717724289776754,5.413325831646404,2.6149073981628703
34,2026-05-26 15:19:01.042697,95.9759730706568,95.99478912909815,2.9755009680097944,35.13372021010402,1,1,2.789414876117604,1,1,0,0,1,1.035136976557098,102.86801137121415,25.90198872129742,91.77284983076967,25.958612013080717,87.54386764140152,28.936766632184817,28.036765524928754,32.7141490813956,0.0,0.0,47.745381973929575,4.2851516258256765,3.7829509141158155,1,1,0,34.528732797552735,30.44414598862125,0.0,21.4064618823181,84.1855489245368,21.297018207946405,69.85526670452583,2.7279438891876424,5.439187903464386,2.676040338238735
35,2026-05-26 15:19:01.394118,95.98062044088147,95.99943786151832,2.975498771778706,35.13123136148221,1,1,2.780379475478071,1,1,0,0,1,1.0549592157488377,102.72843025458656,25.918245230013586,91.80673400164855,25.974828500532873,87.58399179687895,28.951699709289876,28.05169860353624,32.70303210236354,0.0,0.0,47.7322006397189,4.33132914318594,3.833559915633515,1,1,0,34.50968359220249,30.43205502065426,0.0,21.407628816875853,84.21899463971214,21.2982656271309,69.89615892136473,2.7840638275761336,5.46509030844733,2.7370276316836595
36,2026-05-26 15:19:01.753235,95.98522901609087,96.00404778758413,2.97549659585329,35.12876324873946,1,1,2.7714142675838787,1,1,0,0,1,1.0746794976823963,102.5894157295113,25.934436943801025,91.8405782904518,25.990980135855477,87.62408673727205,28.966572608956792,28.066571504699493,32.69189505402223,0.0,0.0,47.718993857091604,4.377484132842341,3.8841316267219383,1,1,0,34.4906519272978,30.419982347360826,0.0,21.408827598792303,84.25242206267754,21.299544746177858,69.93700070868822,2.840132291909512,5.491032758733141,2.7978698070173635
37,2026-05-26 15:19:02.112813,95.97192498216532,95.9907398541099,2.975502884313866,35.13588806703997,1,1,2.768330566011997,1,1,0,0,1,1.0814806972748272,102.61481577126119,25.942402368978676,91.85327277825849,25.998935008234778,87.63868904711421,28.97463874054758,28.074637636016874,32.6889085523251,0.0,0.0,47.715323279785714,4.393476705555301,3.901650248915672,1,1,0,34.57715118437764,29.245253254503066,0.0,21.682455281468688,84.37484597558482,21.580860434988,73.96351592435157,2.859551531637024,5.5,2.8189116362858897
38,2026-05-26 15:19:02.472126,95.57636291317729,95.59506196372341,2.9756895588212213,35.34756582584639,1,1,2.7627829270122675,1,1,0,0,1,1.0943168741327156,103.46323189330064,26.044687225501914,92.77675288529593,26.099533053241867,89.07693940326327,29.067370241063305,28.167369127400374,32.165848472800036,0.0,0.0,46.967947759333704,4.423612600062825,3.9346593304325665,1,1,0,34.213723723196644,28.52691089387308,0.0,22.11974923154278,85.42371013277727,22.02272655898493,76.59246421929875,2.896302017170413,5.5,2.8771505423203507
39,2026-05-26 15:19:02.831108,95.57791081873373,95.5966103220464,2.975688825595143,35.346738100509775,1,1,2.7573596979290045,1,1,0,0,1,1.1158383692560392,103.33002895572463,26.06286456006216,92.81230517734349,26.1176793869424,89.12922170818487,29.084206291137953,28.1842051789088,32.15467790884696,0.0,0.0,46.94863283890788,4.471873302781404,4.0032025752765605,1,1,0,34.193074158708704,28.504785060886064,0.0,22.1261212616645,85.4646873846404,22.029237958602916,76.66518685180954,2.9626016628968586,5.5,2.996173436774413
40,2026-05-26 15:19:03.190268,95.57938171591283,95.59808164947198,2.97568813466614,35.34595155343585,1,1,2.7520062877343605,1,1,0,0,1,1.1372690037907915,103.19739019524832,26.080992708274866,92.84782341602795,26.135776476208182,89.18144158959707,29.10099871083321,28.200997600031762,32.143490915786984,0.0,0.0,46.92930639658761,4.520111369118297,4.071691380484765,1,1,0,34.172677778030675,28.479451267220583,0.0,22.13324199645355,85.50594098252196,22.03651811446229,76.74815901123813,3.0288455096059153,5.5,3.113712788024742
41,2026-05-26 15:19:03.541160,95.580813766497,95.599514118943,2.9756874596562977,35.34518577281318,1,1,2.7467235766793436,1,1,0,0,1,1.158609304700505,103.06528422398742,26.09906366343495,92.88330427231405,26.15381629814077,89.23359193387653,29.117738645710787,28.21773753633131,32.13228669086016,0.0,0.0,46.90997422383429,4.568326765775794,4.140125665482401,1,1,0,34.15229688534619,28.454152342728616,0.0,22.14038938107748,85.54717229199137,22.043824565442474,76.83094728470348,3.095034241366008,5.5,3.231062286592149
42,2026-05-26 15:19:03.886383,95.58219667034803,95.60089742730797,2.975686808082299,35.34444626947239,1,1,2.741511293628804,1,1,0,0,1,1.1798597601646463,102.93370943230684,26.117078835931153,92.9187483175698,26.171800302212358,89.28571921960686,29.13442723884971,28.23442613088648,32.121065753310006,0.0,0.0,46.890610787592514,4.616519457854494,4.208505329959934,1,1,0,34.131932778218896,28.42887401675878,0.0,22.147567637059026,85.58838307839567,22.051161641937,76.91361036511027,3.1611679000283885,5.5,3.3482221958002043
43,2026-05-26 15:19:04.240582,95.58353281530255,95.60223396310161,2.975686178340816,35.34373176648168,1,1,2.7363691833298702,1,1,0,0,1,1.201020879915248,102.80267547801714,26.135037149175975,92.95415507682904,26.189727366139966,89.3377681202371,29.151063709223315,28.251062602670515,32.10982769602399,0.0,0.0,46.87124676315342,4.664689411490485,4.276830536811673,1,1,0,34.11158531753985,28.403616271771735,0.0,22.154776307303898,85.62957318322904,22.058528879417626,76.9961480517483,3.2272465309501683,5.5,3.465192672060496
44,2026-05-26 15:19:04.595487,95.58482159232221,95.6035231171073,2.975685573481575,35.34304259265477,1,1,2.7312969864754706,1,1,0,0,1,1.2220931472456158,102.67216706958493,26.152939783092858,92.98952503105845,26.20759868598241,89.38975697904208,29.167649229635845,28.26764812448782,32.09857294866897,0.0,0.0,46.85187243846814,4.712836591994574,4.345101128247592,1,1,0,34.091254575433,28.378379254772284,0.0,22.162015556997588,85.67074270713432,22.065926448384953,77.07856034229198,3.2932701791134065,5.5,3.581973870163054
45,2026-05-26 15:19:04.954216,95.58606790697645,95.60476979632907,2.975684980786605,35.342376114683,1,1,2.726294447267975,1,1,0,0,1,1.243077065440417,102.54219386482077,26.170786370969374,93.02485800198632,26.22541389887323,89.44169100289687,29.184183220269524,28.284182116520512,32.087301370018984,0.0,0.0,46.832484625986396,4.760960965558638,4.413317055297313,1,1,0,34.070940428500485,28.353163163915983,0.0,22.169284979026127,85.7118915117624,22.073353936894982,77.16084650249027,3.3592388896943106,5.5,3.698565944479114
46,2026-05-26 15:19:05.308435,95.58726832907762,95.6059705695758,2.975684417552751,35.34173418286342,1,1,2.721361304054369,1,1,0,0,1,1.2639731204625093,102.41273815773866,26.18857887289513,93.06015479337202,26.243174977076205,89.49358244045439,29.200667878507346,28.300666776151775,32.07601368536584,0.0,0.0,46.81307745864112,4.809062498074837,4.4814783019120625,1,1,0,34.050643031250935,28.327967516298934,0.0,22.17658497906502,85.75301979835893,22.08081175959881,77.24300864807051,3.425152707535716,5.5,3.814969044933278
47,2026-05-26 15:19:05.668143,95.58841758358909,95.60712016026719,2.97568387622341,35.3411196083618,1,1,2.7164973037232585,1,1,0,0,1,1.284781839039212,102.28382811695269,26.206314357860425,93.09541416765504,26.260878956307604,89.545394168595,29.21709994161073,28.31709884064273,32.06470878343832,0.0,0.0,46.793670327156484,4.857141156886115,4.549584915863477,1,1,0,34.030362211334015,28.302792898191058,0.0,22.183915005036845,85.79412736888186,22.088299353055927,77.32504473852963,3.491011677898726,5.5,3.9311833327107877
48,2026-05-26 15:19:06.023159,95.27141776755565,95.2900276913228,2.975833018892186,35.5105379995956,1,1,2.7117021907285306,1,1,0,0,0,1.305503670920885,90.2422832039349,28.45067090053859,94.07093947541942,28.54533106451889,69.73959859412226,31.03748793323007,30.137486961875478,32.87171706047205,0.0,0.0,0.0,4.90519690716458,4.617636735840051,1,1,0,34.03299706760053,28.289715038738684,0.0,22.25739633344715,85.86315233158844,22.16186242741839,77.43725123636935,3.5568158455779013,5.5,4.047208957330554
49,2026-05-26 15:19:06.378070,95.26572621570558,95.2843344773128,2.9758356916521573,35.513577999565406,1,1,2.711358762859277,1,1,0,0,0,1.3562527730575766,90.0145834190198,28.484813578645387,94.11406636141812,28.579443697479856,69.67575545040056,31.07009245319549,30.170091484291824,32.86608344200033,0.0,0.0,0.0,4.954887790966154,4.553769938504701,1,1,0,34.01370672839946,28.2681911266557,0.0,22.26754148467582,85.9054258656848,22.17214219342596,77.51118743757004,3.6226271251204167,5.5,4.164306514909754
50,2026-05-26 15:19:06.733071,95.02897819012475,95.04751735634935,2.9759467930213948,35.639972323701365,1,1,2.7111155896361367,1,1,0,0,0,1.406805438454029,90.21779984936984,28.572056357548682,94.60038725942704,28.665350278338064,69.89491493048362,31.156118820863266,30.256117849772206,32.614683212278855,0.0,0.0,0.0,5.004567257140238,4.489903154587836,1,1,0,34.16466063541113,28.250592670760124,0.0,22.31882364088699,85.70414590069413,22.22353427322596,77.61451394370667,3.688386278106776,5.5,4.280072815635663
51,2026-05-26 15:19:07.092276,95.02053970152176,95.0390764065225,2.9759507539202623,35.64447537670627,1,1,2.712685914835589,1,1,0,0,0,1.4577602607135987,90.00078884628238,28.60715010857117,94.6444008499405,28.700414129516002,69.8352894458676,31.189744395401053,30.289743426645867,32.60903920005549,0.0,0.0,0.0,5.055240466278562,4.430260239495141,1,1,0,34.1471260793903,28.2290330971629,0.0,22.33107922055561,85.74572873212,22.2359245308205,77.69054179228358,3.751196068570664,5.5,4.396657230229096
52,2026-05-26 15:19:07.452207,95.01194114630108,95.03047534350749,2.9759547823477894,35.64906368485255,1,1,2.714349513373179,1,1,0,0,0,1.5085281177536132,89.78471062673066,28.64220070127179,94.68838936395224,28.735434759481645,69.77564606384584,31.223337003235173,30.323336036805824,32.60338208746797,0.0,0.0,0.0,5.105902236628808,4.370617532260013,1,1,0,34.129807912381466,28.205195131027967,0.0,22.34396176348681,85.78754192415074,22.2489558434055,77.77382609260712,3.8139584766375947,5.5,4.512130063518484
53,2026-05-26 15:19:07.817854,95.00320704763111,95.02173869762703,2.9759588758408695,35.653724170333795,1,1,2.716106684708265,1,1,0,0,0,1.5591098269649422,89.56956599553223,28.67718768505501,94.73234408455997,28.77039167902188,69.71601093827913,31.25687482429282,30.356873860179256,32.59770497002022,0.0,0.0,0.0,5.156552541649404,4.3109748199314595,1,1,0,34.11253076293068,28.18140247956746,0.0,22.356942282605363,85.82936792390929,22.26208473396052,77.85698327602017,3.87667408696079,5.5,4.627424247223217
54,2026-05-26 15:19:08.167100,94.99434183969953,95.01287090436668,2.975963031586673,35.65845445967759,1,1,2.717956941807273,1,1,0,0,0,1.609506253051535,89.35535817195728,28.71210876971874,94.77626397885582,28.805282593701598,69.65635601598044,31.290355371989303,30.39035441018144,32.59200703832142,0.0,0.0,0.0,5.207191340861357,4.25133219941938,1,1,0,34.09529465767204,28.1576475753322,0.0,22.37002108356422,85.87120690943354,22.27531156413633,77.94004424396124,3.9393430103676224,5.5,4.742540132158922
55,2026-05-26 15:19:08.523861,94.9853627128581,95.0038891590968,2.9759672365388856,35.66324536872064,1,1,2.719899796356856,1,1,0,0,0,1.6597182315148302,89.14207588856016,28.746964339031276,94.82014920759826,28.840107888019457,69.59671996324013,31.323778979263977,30.42377801975185,32.58628842090386,0.0,0.0,0.0,5.257818592028855,4.191689437237557,1,1,0,34.07809920058901,28.13393011630112,0.0,22.383196947510534,85.91305844238886,22.28863512022327,78.0230090678466,4.001965357758166,5.5,4.857477997453898
56,2026-05-26 15:19:08.884159,93.76752871168209,93.78570115999399,2.9765348050127667,36.31152938587161,1,1,2.7219347502161355,1,1,0,0,0,1.709746599776608,94.03116059138483,29.161032260338434,95.02609695728138,29.254873200746502,69.53707429075314,31.77138085283106,30.871379840693553,32.71780151002956,0.0,0.0,0.0,5.308434253260529,4.132046756770052,0,0,0,0.0,0.0,0.0,31.324661722416046,65.16426165347333,31.324661722418664,61.61220035565806,4.064541238962363,5.5,4.972238121809667
57,2026-05-26 15:19:09.240447,93.0633391231317,93.08130791308727,2.9768601382246285,36.68501864481239,1,1,2.745369421264513,1,0,0,0,0,1.7639834344372787,82.81662687295466,31.352633232228317,76.87685469784648,31.35263323222565,69.47742980456857,33.713010512304095,32.81300962087817,0.0,0.0,0.0,0.0,5.359316379174544,4.072404043883864,0,0,0,0.0,0.0,0.0,31.70385387881562,65.13476369439482,31.703853878818187,61.55311389353183,4.035042913128535,5.484829590816389,4.898057510711936
58,2026-05-26 15:19:09.601187,93.0240702853932,93.0420277396307,2.9768782241702216,36.70581803040151,1,1,2.7726272869305575,1,0,0,0,0,1.837241685097922,82.6374841450388,31.407508833298678,76.86144494555718,31.407508833296003,69.41779375279498,33.766802956706485,32.86680206720882,0.0,0.0,0.0,0.0,5.343905697557133,4.01276131266394,0,0,0,0.0,0.0,0.0,31.734992348123956,65.10526545263613,31.73499234812653,61.487512981438854,4.005544593851425,5.469443951018292,4.824168628954851
59,2026-05-26 15:19:09.961441,92.9847643485111,93.0027104598752,2.9768963153624965,36.72663235424481,1,1,2.7999243744690148,1,0,0,0,0,1.9103414687056528,82.45867300195187,31.46231019477346,76.84603362035777,31.462310194771014,69.35816377769952,33.82052614488397,32.920525257311006,0.0,0.0,0.0,0.0,5.328495021222636,3.9531186628605326,0,0,0,0.0,0.0,0.0,31.766160697669363,65.07576730296088,31.76616069767191,61.4280470809417,3.9760462769730935,5.453801238996192,4.749427006932109
60,2026-05-26 15:19:10.321641,92.94542559920362,92.96336036060214,2.97691441684719,36.74746090580391,1,1,2.8272605175271366,1,0,0,0,0,1.9832830738132685,82.2803149711433,31.517034453766684,76.83062425952313,31.51703445376398,69.29851773076933,33.87417696564653,32.974176079993384,0.0,0.0,0.0,0.0,5.313084341296957,3.8934761649842358,0,0,0,0.0,0.0,0.0,31.797353791815627,65.04626914445409,31.79735379181809,61.36857231940875,3.9465479637829617,5.43793981880691,4.674983096040691
61,2026-05-26 15:19:10.677502,92.906061969696,92.92398537633134,2.9769325163876164,36.7682994685798,1,1,2.854635524585021,1,0,0,0,0,2.0560669101980977,82.1024100526131,31.571680780098035,76.81521545213428,31.571680780095203,69.23886444669776,33.92775455767843,33.02775367394023,0.0,0.0,0.0,0.0,5.297673668849313,3.8338336279184944,0,0,0,0.0,0.0,0.0,31.828570820754233,65.01677094990329,31.828570820756696,61.3090433472455,3.9170496541007083,5.421863034856571,4.6008323430350515
62,2026-05-26 15:19:11.032887,93.04323639139163,93.06119937861016,2.9768693918350064,36.69566597259401,1,1,2.8820491982635588,1,0,0,0,0,2.128693379290482,81.44569986038164,31.577658728084813,76.50579006371787,31.577658728082252,69.21145079792902,33.92980539003701,33.02980451336754,0.0,0.0,0.0,0.0,5.282263006953286,3.7741909679475327,0,0,0,0.0,0.0,0.0,31.789686817726928,64.95531583660556,31.7896868177293,61.179323080217,3.887551347357686,5.405574354938196,4.526970026848488
63,2026-05-26 15:19:11.388611,93.00458106085792,93.02253289065303,2.9768871961978953,36.71613882636738,1,1,2.9087853011835136,1,0,0,0,0,2.2007389261786017,81.26709957949174,31.631636080345583,76.48869110222924,31.631636080343018,69.15229803325786,33.98271811520724,33.0827172404602,0.0,0.0,0.0,0.0,5.265161288092656,3.715045456055833,0,0,0,0.0,0.0,0.0,31.82026511606796,64.92509827404132,31.820265116070413,61.11215431422899,3.857333639098769,5.388691676712867,4.452104860516712
64,2026-05-26 15:19:11.748786,92.96588096778262,92.98382163067846,2.976905001607319,36.73663081289503,1,1,2.9355608841920002,1,0,0,0,0,2.272626485867889,81.0888453701466,31.685540356964484,76.47158857256073,31.68554035696179,69.09315277901324,34.03556275174958,33.13556187892124,0.0,0.0,0.0,0.0,5.24805958349215,3.655899861734383,0,0,0,0.0,0.0,0.0,31.850874143620395,64.89488069847933,31.850874143622924,61.05070791534672,3.8271159342071996,5.371572691322257,4.376506467070996
65,2026-05-26 15:19:12.101972,92.92715546334196,92.9450849543107,2.976922817757078,36.75713320617215,1,1,2.962375783134803,1,0,0,0,0,2.3443563585585565,80.91104427307982,31.739367777819872,76.45448693702447,31.739367777817403,69.03400399447156,34.08833531952158,33.188334448607065,0.0,0.0,0.0,0.0,5.230957874708665,3.596754273869294,0,0,0,0.0,0.0,0.0,31.881507767071135,64.86466321976253,31.881507767073575,60.989275520923734,3.7968982324528042,5.354249549295091,4.301185965535396
66,2026-05-26 15:19:12.458268,92.88839635916891,92.90631467082446,2.9769406400576957,36.777650327379654,1,1,2.9892297985789327,1,0,0,0,0,2.4159289588996558,80.7337099701897,31.793117888597465,76.43738652124874,31.793117888594857,68.97486057196674,34.14103526288931,33.241034393883595,0.0,0.0,0.0,0.0,5.213856166365659,3.5376086508326523,0,0,0,0.0,0.0,0.0,31.91216631928021,64.83444565368411,31.91216631928262,60.927823909058404,3.766680535155473,5.336725071398888,4.2261395300028255
67,2026-05-26 15:19:12.823620,92.84961799320195,92.86752512230035,2.9769584689325552,36.79817458491165,1,1,3.0161227367263166,1,0,0,0,0,2.48734469634735,80.55683280366566,31.84679014849776,76.42028347927575,31.84679014849508,68.91572606002468,34.19366201100778,33.29366114390594,0.0,0.0,0.0,0.0,5.1967544647417725,3.4784630568848343,0,0,0,0.0,0.0,0.0,31.942848560537243,64.80422817594689,31.942848560539687,60.86635828000238,3.736462841021634,5.319002160040341,4.151363216937412
68,2026-05-26 15:19:13.171817,92.81081770352216,92.82871364605487,2.9769762987807393,36.81870737646595,1,1,3.0430543937879264,1,0,0,0,0,2.558603974179661,80.3804143831428,31.900384017110515,76.40318293219168,31.900384017107854,68.85657242074497,34.2462149941445,33.346214128941604,0.0,0.0,0.0,0.0,5.179652756279353,3.419317596872702,0,0,0,0.0,0.0,0.0,31.973554184443717,64.77401058293991,31.973554184446108,60.80488453875775,3.706245151251224,5.301083624310138,4.0768531862787825
69,2026-05-26 15:19:13.520745,92.77198630526514,92.78987105458046,2.976994138770459,36.83925356095861,1,1,3.0700245663083052,1,0,0,0,0,2.6297071895019286,80.20445551343869,31.953901373766367,76.38608195183052,31.953901373763724,68.79742952783798,34.298696141062926,33.39869527775402,0.0,0.0,0.0,0.0,5.162551053864732,3.3601720427955684,0,0,0,0.0,0.0,0.0,32.00428399695346,64.74379307480146,32.00428399695579,60.74340873554155,3.6760274641598016,5.282972192693464,4.002605718814451
70,2026-05-26 15:19:13.882400,92.73313277922236,92.75100633126367,2.977011980481262,36.85980837367829,1,1,3.09703306142454,1,0,0,0,0,2.700654754647246,80.02895378010066,32.00734152131828,76.36897815677622,32.0073415213156,68.738287470959,34.35110468991645,33.45110382849662,0.0,0.0,0.0,0.0,5.145449355229033,3.301026523469119,0,0,0,0.0,0.0,0.0,32.035037051643286,64.71357550781104,32.03503705164559,60.681935207466815,3.6458097809044716,5.26467051973863,3.928617220951125
71,2026-05-26 15:19:14.243198,92.69425287605355,92.71211522554357,2.97702982469717,36.88037405596545,1,1,3.124079679349208,1,0,0,0,0,2.7714470743658097,79.85390837831119,32.06070462407363,76.35187826559071,32.060704624070986,68.67913729628307,34.40344081859419,33.503439959058525,0.0,0.0,0.0,0.0,5.128347645863357,3.2418810475568307,0,0,0,0.0,0.0,0.0,32.06581344358682,64.6833580474091,32.06581344358915,60.62046732106154,3.615592100601873,5.246181184028785,3.8548841915572467
72,2026-05-26 15:19:14.598712,92.65535428617405,92.67320543005654,2.9770476715215572,36.90094653645408,1,1,3.151164223950744,1,0,0,0,0,2.842084553433793,79.67931930807026,32.11399024133398,76.33477712237769,32.11399024133151,68.61999605747715,34.45570402105648,33.55570316340007,0.0,0.0,0.0,0.0,5.111245945922448,3.1827355191577738,0,0,0,0.0,0.0,0.0,32.09661236074207,64.65314049296757,32.0966123607444,60.55900988108133,3.5853744247120716,5.227506689278741,3.781403203229587
73,2026-05-26 15:19:14.952286,92.61642813601378,92.63426806868014,2.977065530776185,36.9215305088866,1,1,3.17828649356386,1,0,0,0,0,2.9125675912831355,79.50518817901298,32.16719918887491,76.31767469238623,32.167199188872246,68.56084969927055,34.50789510994841,33.60789425416631,0.0,0.0,0.0,0.0,5.094144248912585,3.1235900440882745,0,0,0,0.0,0.0,0.0,32.127434225099414,64.62292297543523,32.127434225101744,60.497567150601846,3.5551567518485996,5.208649475436516,3.7081709330168167
74,2026-05-26 15:19:15.300942,92.92994501482883,92.94787531161295,2.9769215360622203,36.755654939408096,1,1,3.2054462938644406,1,0,0,0,0,2.982896593188201,78.33391064542639,32.1221901367232,75.83031717059845,32.122190136720704,67.09857956838749,34.456089998597946,33.556089155423315,0.0,0.0,0.0,0.0,5.0770425481932335,3.0644445613889673,0,0,0,0.0,0.0,0.0,32.01957726398065,64.43495042723727,32.01957726398279,59.56069102974802,3.524939082488359,5.189611920538425,3.635184152714004
75,2026-05-26 15:19:15.652214,92.89252296896404,92.91044247082873,2.9769387444522137,36.77546595154589,1,1,3.2311971837910107,1,0,0,0,0,3.052189500931931,78.15771354972867,32.174240302969466,75.81077287238797,32.17424030296694,67.0199250324975,34.50712419060498,33.607123349326905,0.0,0.0,0.0,0.0,5.057498236219033,2.986171018922448,0,0,0,0.0,0.0,0.0,32.049051521607524,64.40137577632773,32.04905152160966,59.47028654851742,3.491364190390641,5.166486317887916,3.539872777579376
76,2026-05-26 15:19:16.016232,93.75049286942235,93.76866038184616,2.9765427014093326,36.3205767501926,1,1,3.2569875883811363,1,0,0,0,1,3.1213265510017294,93.45973691449672,29.384111571584164,75.79122527693723,29.3448888598323,88.35736965553615,31.99163007833194,31.091629072345153,0.0,0.0,0.0,49.13133310679595,5.0379539243828475,2.9078933881390014,0,0,0,0.0,0.0,0.0,31.618042524051607,64.36780089534476,31.618042524053806,59.405659220094684,3.4577893028601068,5.143119803610261,3.443399076862491
77,2026-05-26 15:19:16.367430,93.72430326471455,93.74246318941258,2.9765548369345147,36.334485035727745,1,1,3.2774810650242046,1,0,0,0,1,3.1605387775105953,93.36943397138953,29.418515276454762,75.77168021313398,29.379306496232182,88.40967798557026,32.02536491481954,31.12536390980476,0.0,0.0,0.0,49.121910025565384,5.018409597531559,2.9681244680142527,0,0,0,0.0,0.0,0.0,31.63968903309564,64.33422621280661,31.63968903309779,59.31234293138477,3.424214416875202,5.119608374792563,3.349049501688839
78,2026-05-26 15:19:16.724545,93.69810211418302,93.71625444938464,2.9765669767590524,36.34839737166559,1,1,3.2979893245245506,1,0,0,0,1,3.1996794687454013,93.27938293617422,29.45287447315425,75.75213896062262,29.413679652675704,88.46197481342288,32.05905746484,31.159056460794517,0.0,0.0,0.0,49.1124658874203,4.998865267367009,3.0283289025973374,0,0,0,0.0,0.0,0.0,31.66134337330169,64.30065151463408,31.661343373303865,59.23251838050191,3.3906395349714558,5.095850573917062,3.2531084309508174
79,2026-05-26 15:19:17.086473,93.67190233707477,93.6900470842289,2.9765791118791127,36.36230758575935,1,1,3.318512264380189,1,0,0,0,1,3.2387488534266566,93.18960875819471,29.487187378997945,75.73259674900635,29.44800652108756,88.51422642130201,32.09270614947906,31.19270514639989,0.0,0.0,0.0,49.10301828789017,4.979320951417634,3.088506786872614,0,0,0,0.0,0.0,0.0,31.683003799069663,64.26707688687662,31.683003799071866,59.15280988060628,3.35706465689546,5.071897866565408,3.1574326838748163
80,2026-05-26 15:19:17.437470,93.64569743165322,93.66383459032528,2.976591242038541,36.3762191271807,1,1,3.339049765677345,1,0,0,0,1,3.2777471893934518,93.10011948562646,29.521454199710874,75.71305073408247,29.482287317532233,88.56644630087347,32.12631104996071,31.226310047844795,0.0,0.0,0.0,49.09356023125821,4.959776645209686,3.148658023162227,0,0,0,0.0,0.0,0.0,31.704670464238063,64.23350208725162,31.704670464240195,59.073110881141226,3.323489783504243,5.047752314508259,3.062019447230668
81,2026-05-26 15:19:17.794579,93.6194792287275,93.63760879611839,2.9766033784979435,36.390136338605835,1,1,3.3596017138694094,1,0,0,0,1,3.316674734069551,93.0109207521923,29.555674918874956,75.69350345401882,29.516522036925817,88.61864898479122,32.1598719844475,31.2598709832917,0.0,0.0,0.0,49.08408404015028,4.940232331222106,3.208782593407335,0,0,0,0.0,0.0,0.0,31.72634388543243,64.19992746758315,31.726343885434606,58.99342491382038,3.289914912524651,5.023415964216184,2.9668659374210335
82,2026-05-26 15:19:18.152195,93.59326026415276,93.61138224109494,2.976615513153653,36.40405256095469,1,1,3.380168001730567,1,0,0,0,1,3.355531741020627,92.92200048562904,29.589849098399416,75.6739636642101,29.550710200959134,88.6707823651817,32.1933889224545,31.29338792225583,0.0,0.0,0.0,49.07461692912744,4.920688003680837,3.268880563000323,0,0,0,0.0,0.0,0.0,31.748023056499385,64.1663527352869,31.74802305650154,58.913754574573595,3.2563400462426415,4.998890819210075,2.871969433095913
83,2026-05-26 15:19:18.513232,93.56704316144763,93.58515754953274,2.9766276464603525,36.41796640377542,1,1,3.4007485116656255,1,0,0,0,1,3.3943184581047774,92.83335144257876,29.623978541939277,75.6544144070455,29.58485365426466,88.72290088221371,32.22686335689745,31.32686235765298,0.0,0.0,0.0,49.06513116390141,4.901143697063517,3.3289516880029737,0,0,0,0.0,0.0,0.0,31.769708012355924,64.13277804316553,31.769708012358013,58.83410292521527,3.2227651831471036,4.974178839624017,2.7773272603770067
84,2026-05-26 15:19:18.875478,93.54081354017093,93.5589203368281,2.9766397783189555,36.43188549205128,1,1,3.4213431277800055,1,0,0,0,1,3.433035153900491,92.74498569530465,29.658062572955945,75.63487494165025,29.618951698511946,88.77497585820414,32.26029470613526,31.36029370784195,0.0,0.0,0.0,49.05564148654623,4.881599367770875,3.388996050688718,0,0,0,0.0,0.0,0.0,31.791399415923344,64.09920342502151,31.79139941592543,58.754473216174674,3.1891903237150387,4.949281945933976,2.6829368011448054
85,2026-05-26 15:19:19.232756,93.51458203787445,93.53268124361347,2.976651910316417,36.4458041846105,1,1,3.441951744208396,1,0,0,0,1,3.471682085587574,92.6568960004488,29.692101205498375,75.61533095579686,29.65300437867741,88.82704701068249,32.29368280144941,31.39368180410428,0.0,0.0,0.0,49.04612695270941,4.862055060902364,3.4490135592892273,0,0,0,0.0,0.0,0.0,31.813096497129692,64.0656287937597,31.813096497131795,58.674868359634715,3.1556154688512947,4.924202021526568,2.588795496838614
86,2026-05-26 15:19:19.584381,94.0311909105156,94.04943980766815,2.976412456984234,36.1714293058872,1,1,3.4625742469477103,1,0,0,0,1,3.5102595067413205,90.93333898493938,29.61808926756686,74.94446469089509,29.578717459894953,88.3995795011989,32.2095516882161,31.309550709423085,0.0,0.0,0.0,49.232087582283526,4.842510755581188,3.5090043617530853,0,0,0,0.0,0.0,0.0,31.639394467182,63.32465960374093,31.63939446718415,58.536875138273714,3.1220406183282137,4.8989409133673405,2.494900843324814
87,2026-05-26 15:19:19.940717,94.00765342791206,94.02589549575679,2.976423392231786,36.183942352168266,1,1,3.480619947932041,1,0,0,0,1,3.54714780037844,90.84158334616177,29.65024326311143,74.92191098515333,29.610883336108554,88.44702573083697,32.24105059340001,31.341049615594642,0.0,0.0,0.0,49.22406579911977,4.819960170601661,3.5630591494997645,0,0,0,0.0,0.0,0.0,31.658669951873957,63.27861548684942,31.658669951876053,58.44394365020003,3.075996087290875,4.873271596928333,2.401055663801557
88,2026-05-26 15:19:20.291871,93.9840791219996,94.00231435098476,2.9764343349900617,36.196473455523304,1,1,3.4986830580532455,1,0,0,0,1,3.583962026163107,90.7498792157071,29.682340535708583,74.89935908336656,29.64299253234494,88.49446806768304,32.272493736949,31.372492760130722,0.0,0.0,0.0,49.21601350526266,4.797409573011734,3.617091189463963,0,0,0,0.0,0.0,0.0,31.677960583356878,63.232571321113326,31.677960583358967,58.362986994539135,3.0299515623322577,4.847382508601697,2.305866123370805
89,2026-05-26 15:19:20.648157,93.96049640409557,93.97872479263157,2.9764452895924087,36.209007914936,1,1,3.516763538009556,1,0,0,0,1,3.620702262959867,90.65849459781816,29.714390052390442,74.87681148265558,29.67505397831233,88.54186804989266,32.30389169341016,31.40389071757553,0.0,0.0,0.0,49.20795627151865,4.7748589702012225,3.6711006173894702,0,0,0,0.0,0.0,0.0,31.697260471208345,63.18652716698277,31.6972604712104,58.282142128077815,2.983907042912179,4.821315606740768,2.210918623038296
90,2026-05-26 15:19:21.004264,93.93690884540833,93.95513039294136,2.9764562393731553,36.221543817318064,1,1,3.534861259307732,1,0,0,0,1,3.6573687910069452,90.5674214443195,29.74639243522013,74.85425945169558,29.707068306614925,88.5892398665464,32.335244929861645,31.435243955007312,0.0,0.0,0.0,49.19988697881921,4.7523083796860845,3.7250873299875593,0,0,0,0.0,0.0,0.0,31.716569382398564,63.14048294629662,31.716569382400557,58.201331252789615,2.9378625290903386,4.795072596760477,2.116210864502719
91,2026-05-26 15:19:21.367706,93.91331836999332,93.93153307652805,2.9764671896006063,36.23408014561089,1,1,3.552976092212333,1,0,0,0,1,3.693961896107041,90.47666056002868,29.778347716121075,74.83170863625391,29.739035540505725,88.63657238459133,32.366553589516045,31.466552615638648,0.0,0.0,0.0,49.191811478695854,4.729757783397147,3.7790513124257075,0,0,0,0.0,0.0,0.0,31.735887042158733,63.09443864541932,31.735887042160734,58.12055602501568,2.89181802015689,4.768655164423109,2.0217405500489036
92,2026-05-26 15:19:21.721948,93.88971475896147,93.90792262153965,2.9764781451970252,36.246622329712615,1,1,3.5711079056646327,1,0,0,0,1,3.7304818625576672,90.3862248220264,29.810254993595017,74.80915851205918,29.770954770383,88.68385427541756,32.397816753248804,31.497815780344848,0.0,0.0,0.0,49.1837352446257,4.707207186301133,3.8329924756893092,0,0,0,0.0,0.0,0.0,31.755213874613514,63.04839463142653,31.75521387461553,58.03981908204391,2.84577351527534,4.742064963591687,1.9275054163174872
93,2026-05-26 15:19:22.083855,93.86610861469579,93.88430963343524,2.9764890935728254,36.25916472590336,1,1,3.5892565759652086,1,0,0,0,1,3.7669289584258934,90.29607881834067,29.84211852036217,74.78661001507479,29.80283031779575,88.73117832364271,32.42903845956047,31.52903748762683,0.0,0.0,0.0,49.17561176607395,4.684656591213027,3.8869106677539094,0,0,0,0.0,0.0,0.0,31.774549568412276,63.00235030992457,31.77454956841425,57.95912269786222,2.799729017227534,4.715303620836494,1.833503251717815
94,2026-05-26 15:19:22.440756,93.84249295280532,93.86068712579889,2.976500047881204,36.27171105483199,1,1,3.607421978076019,1,0,0,0,1,3.8033035102548354,90.2062595705786,29.873932884816664,74.76405794919116,29.834656669164872,88.77840792801506,32.460213633672446,31.560212662705602,0.0,0.0,0.0,49.16750993447374,4.662106004743876,3.940806304945596,0,0,0,0.0,0.0,0.0,31.7938938305929,62.956306227151636,31.793893830594858,57.87846778617665,2.7536845229209774,4.688372735406077,1.7397318906322994
95,2026-05-26 15:19:22.802368,93.81887298267434,93.83706030952644,2.976511001632331,36.284258543075104,1,1,3.6256039840385483,1,0,0,0,1,3.8396057639613304,90.11673810530851,29.9057027135907,74.74151091275137,29.866438513121505,88.82562747375076,32.491346696879454,31.59134572687621,0.0,0.0,0.0,49.15938786074983,4.639555412340059,3.994678961651431,0,0,0,0.0,0.0,0.0,31.813246805038077,62.91026205662781,31.81324680504007,57.79785650406364,2.7076400346680174,4.661273876071249,1.6461891901011683
96,2026-05-26 15:19:23.158752,93.79524610387234,93.81342658343402,2.976521956421035,36.29680857181928,1,1,3.643802470301722,1,0,0,0,1,3.875836029839604,90.02753373815153,29.93742484694624,74.71896075720505,29.89817266757375,88.87280503422507,32.52243451616915,31.622433547126082,0.0,0.0,0.0,49.15126064318928,4.617004834486664,4.048528728110028,0,0,0,0.0,0.0,0.0,31.83260801246967,62.8642179160103,31.83260801247156,57.71729003448739,2.6615955515453606,4.6340085861709355,1.5528730517259675
97,2026-05-26 15:19:23.514996,93.77161267127232,93.78978630249847,2.976532912468758,36.309360951663095,1,1,3.6620173090961714,1,0,0,0,1,3.9119945685142596,89.93863037275673,29.96910149907104,74.69640666096176,29.92986136536552,88.91996681037945,32.55347913623259,31.65347816814647,0.0,0.0,0.0,49.14311566683801,4.594454258435462,4.102355506053215,0,0,0,0.0,0.0,0.0,31.851977729334614,62.81817377283183,31.85197772933654,57.63677084630666,2.6155510737968655,4.606578381559473,1.459781405011725
98,2026-05-26 15:19:23.867001,94.77063817998715,94.78910204639614,2.9760677622503975,35.77776564584742,1,1,3.6802483777041175,1,0,0,0,1,3.948081669519297,85.83182912940401,29.771283796921594,73.65043871588797,29.73170290879185,88.28336495650335,32.33109926068906,31.43109833680794,0.0,0.0,0.0,49.37308264651968,4.571903668148593,4.156159354679346,0,1,0,0.0,32.8532283202287,0.0,28.53879194982498,62.24437574238616,28.412775324481526,68.62850885111284,2.5695066013442727,4.578984755601525,1.3669122302652568
99,2026-05-26 15:19:24.218444,94.76120251178007,94.77966362979296,2.9760721753386905,35.78279596668242,1,1,3.6847458753329363,1,0,0,0,1,3.980332522716054,85.69202668795128,29.79682112493575,73.62375554034826,29.757250923064657,88.32268652722158,32.355716376797055,31.45571545442075,0.0,0.0,0.0,49.3658850403728,4.545219446786561,4.201169494452444,0,1,0,0.0,32.847435274486415,0.0,28.545462464775348,62.190658163651825,28.419482156655725,68.65225215304936,2.515788476464394,4.6014779297541395,1.412040030075815
100,2026-05-26 15:19:24.573279,94.75170230298586,94.7701606539889,2.9760766228699636,35.7878604550127,1,1,3.689292768289633,1,0,0,0,1,4.012466093275307,85.55280210549654,29.822300928471062,73.59706993198937,29.782741412156785,88.36194744029072,32.38028135728228,31.480280436404566,0.0,0.0,0.0,49.358686568016424,4.518535229210116,4.246159462133818,0,1,0,0.0,32.840818594772564,0.0,28.552396262084176,62.13694060406513,28.426462961655297,68.68338464882014,2.462070358634989,4.623972844843678,1.4541116464390598
