iteration,wait_local_write_markers_sec,poll_sec,read_physics_json_sec,downlink_sec,write_scada_csv_sec,write_outputs_and_marker_sec,cycle_total_sec,poll_md_total,poll_coil_total,poll_error_total,downlink_written_total,downlink_skipped_total,downlink_error_total
1,1.6689328819629736,0.018160074017941952,0.00021241698414087296,0.012763751030433923,0.0010935330064967275,0.00035433395532891154,1.7015561369480565,35,0,0,6,0,0
2,0.33553598797880113,0.01606110599823296,0.0002592290402390063,0.013441933959256858,0.0012577950255945325,0.00037666200660169125,0.3669799110502936,35,0,0,6,0,0
3,0.3300333439838141,0.01647079800022766,0.0004094860050827265,0.014113729004748166,0.001529244997072965,0.0004302340094000101,0.3630538040306419,35,0,0,6,0,0
4,0.3317584460019134,0.0172973700100556,0.0004166970029473305,0.014251910033635795,0.001932501036208123,0.0006018769927322865,0.36632460600230843,35,0,0,6,0,0
5,0.32327263499610126,0.01668264699401334,0.0004212089697830379,0.0144008609931916,0.0019485130324028432,0.0005329090054146945,0.35732703597750515,35,0,0,6,0,0
6,0.3228431139723398,0.01585669198539108,0.00028174201725050807,0.012780534976627678,0.001299189985729754,0.0005041930126026273,0.3536181920208037,35,0,0,6,0,0
7,0.32754445302998647,0.01709899300476536,0.00026138598332181573,0.012866002973169088,0.0012759380042552948,0.00039991101948544383,0.35952625202480704,35,0,0,6,0,0
8,0.32601718499790877,0.017693296016659588,0.0003970959805883467,0.01421208499232307,0.0020135290105827153,0.0006633779848925769,0.3610605989815667,35,0,0,6,0,0
9,0.3264642059803009,0.01598741498310119,0.0002914720098488033,0.012827650993131101,0.0012885569594800472,0.00041054299799725413,0.3573184100096114,35,0,0,6,0,0
10,0.32701618399005383,0.016394170990679413,0.0002812909660860896,0.012765988009050488,0.001055197964888066,0.00032865203684195876,0.35788829397642985,35,0,0,6,0,0
11,0.33094235497992486,0.01674701803131029,0.00024168100208044052,0.01287811400834471,0.001276694005355239,0.0004065120010636747,0.3625369049841538,35,0,0,6,0,0
12,0.3268578830175102,0.01565957098500803,0.00025339698186144233,0.013013019983191043,0.0010453109862282872,0.0003493559779599309,0.35722835798515007,35,0,0,6,0,0
13,0.3322092689923011,0.015842950029764324,0.0002285619848407805,0.012786053004674613,0.001049181038979441,0.0003630740102380514,0.36252758104819804,35,0,0,6,0,0
14,0.32715832896064967,0.015233436017297208,0.00022922002244740725,0.0119718830101192,0.0010765300248749554,0.00034468399826437235,0.35605535202194005,35,0,0,6,0,0
15,0.3260994529700838,0.016169490991160274,0.00038891000440344214,0.013754082028754056,0.0010697550023905933,0.00033386400900781155,0.35786336101591587,35,0,0,6,0,0
16,0.3254736159578897,0.016128508024848998,0.00028745800955221057,0.012817275011911988,0.0010365769849158823,0.00035752798430621624,0.356151394022163,35,0,0,6,0,0
17,0.32577870099339634,0.018213166971690953,0.0002916250377893448,0.01296161802019924,0.0010655269725248218,0.0003435410326346755,0.3587012239731848,35,0,0,6,0,0
18,0.3272765369620174,0.016538380994461477,0.0002960920101031661,0.012888993951492012,0.001057696994394064,0.00035556801594793797,0.35846174898324534,35,0,0,6,0,0
19,0.3263868789654225,0.016926562995649874,4.963198443874717e-05,0.011415516957640648,0.0007456099847331643,0.00032141798874363303,0.3558773410040885,35,0,0,6,0,0
20,0.3263027769862674,0.015129142033401877,9.694200707599521e-05,0.010771178000140935,0.0008120470447465777,0.00031646399293094873,0.3534622720326297,35,0,0,6,0,0
21,0.32206688600126654,0.02132436604006216,0.00018403795547783375,0.01201645500259474,0.0010628850432112813,0.00032826000824570656,0.35702604200923815,35,0,0,6,0,0
22,0.3273186520091258,0.01675768499262631,0.00042513100197538733,0.015401192009449005,0.001936389016918838,0.00048600800801068544,0.36238714901264757,35,0,0,6,0,0
23,0.3277046030270867,0.016303577984217554,0.00028370798099786043,0.01268703502137214,0.001244382990989834,0.0004028870025649667,0.35868404095526785,35,0,0,6,0,0
24,0.33068295900011435,0.015816878993064165,0.00023245002375915647,0.01348117901943624,0.0013229289907030761,0.0003910759696736932,0.3619699929840863,35,0,0,6,0,0
25,0.33600320603,0.016452084004413337,0.00022498302860185504,0.012930065975524485,0.0010373509721830487,0.00033239502226933837,0.36701945500681177,35,0,0,6,0,0
26,0.33145996602252126,0.01600328099448234,0.0002918079844675958,0.01268534199334681,0.0010305600007995963,0.0003242199891246855,0.36184366600355133,35,0,0,6,0,0
27,0.3279882040224038,0.016997003986034542,0.0002235029824078083,0.01270382001530379,0.0010307750198990107,0.0003787609748542309,0.3593830190366134,35,0,0,6,0,0
28,0.32473891897825524,0.012984938977751881,8.563499432057142e-05,0.010514458001125604,0.0006864030146971345,0.00023852800950407982,0.3492704869713634,35,0,0,6,0,0
29,0.3261187030002475,0.017058947996702045,0.00024151999969035387,0.012721377017442137,0.0012689930154010653,0.00039707502583041787,0.35785947897238657,35,0,0,6,0,0
30,0.32669132604496554,0.017547646013554186,0.00023983803112059832,0.012863548996392637,0.001329005986917764,0.0004477609763853252,0.35916701500536874,35,0,0,6,0,0
31,0.32562968699494377,0.015900422993581742,0.0002772539737634361,0.012920831970404834,0.001051279017701745,0.0003277990035712719,0.35615373303880915,35,0,0,6,0,0
32,0.3268142120214179,0.016959152999334037,0.00023675698321312666,0.012554157990962267,0.0010407569934614003,0.00043357600225135684,0.35810035100439563,35,0,0,6,0,0
33,0.32195530901663005,0.01623177999863401,0.0002633010153658688,0.013161686016246676,0.0011254929704591632,0.0003627300029620528,0.3531406749971211,35,0,0,6,0,0
34,0.3196035610162653,0.01196869497653097,8.972297655418515e-05,0.011122605996206403,0.001002020959276706,0.000316073012072593,0.3441219559754245,35,0,0,6,0,0
35,0.3317827390274033,0.016234998998697847,0.00028322002617642283,0.012794726004358381,0.0010397550067864358,0.0003279969678260386,0.3625071059796028,35,0,0,6,0,0
36,0.3251364290481433,0.0157902340288274,0.00023578800028190017,0.012750961992423981,0.001036098983604461,0.0003316439688205719,0.35532620805315673,35,0,0,6,0,0
37,0.3311923339497298,0.01581580500351265,0.0004151000175625086,0.013347989995963871,0.0010485940147191286,0.00035683996975421906,0.3622422399930656,35,0,0,6,0,0
38,0.32575108302989975,0.017252195975743234,0.00028309598565101624,0.013139596965629607,0.0010552770108915865,0.0003377940156497061,0.35788515099557117,35,0,0,6,0,0
39,0.32613141497131437,0.018238590972032398,0.00022598705254495144,0.012816458009183407,0.0010468579712323844,0.00033560401061549783,0.3588331789942458,35,0,0,6,0,0
40,0.3292557789827697,0.017076210991945118,0.00023251899983733892,0.012613655999302864,0.001038860995322466,0.00033099198481068015,0.36060865700710565,35,0,0,6,0,0
41,0.31529183097882196,0.011531514988746494,5.418300861492753e-05,0.009829573042225093,0.0002066860324703157,7.305602775886655e-05,0.3369979290291667,35,0,0,6,0,0
42,0.3254639799706638,0.016076105006504804,0.00024090800434350967,0.012641579029150307,0.0010269200429320335,0.00033491395879536867,0.355828833009582,35,0,0,6,0,0
43,0.3207580109592527,0.015982917975634336,0.00029964803252369165,0.01256777299568057,0.0010407819645479321,0.00037487404188141227,0.3510677170124836,35,0,0,6,0,0
44,0.3251727870083414,0.01670415501575917,0.0003875279799103737,0.01443323801504448,0.001900220988318324,0.0006131819682195783,0.35927276097936556,35,0,0,6,0,0
45,0.3236546389525756,0.015521196997724473,0.00023231998784467578,0.012682445056270808,0.0013138719950802624,0.0004776860005222261,0.3539247940061614,35,0,0,6,0,0
46,0.3263576949830167,0.016158961050678045,0.0003875219845212996,0.014477561053354293,0.001923641946632415,0.0006360500119626522,0.3600041909958236,35,0,0,6,0,0
47,0.32365927303908393,0.015858417958952487,0.000278147985227406,0.012879153015092015,0.001081952010281384,0.0003311439650133252,0.3541420819819905,35,0,0,6,0,0
48,0.32314886996755376,0.015739780967123806,0.0002545600291341543,0.011428961006458849,0.0004815779975615442,0.00016400398453697562,0.3512683660374023,35,0,0,6,0,0
49,0.32703208399470896,0.017244345974177122,0.00040781701682135463,0.014332188991829753,0.0019015870057046413,0.0006384669686667621,0.3616259439731948,35,0,0,6,0,0
50,0.3227229090407491,0.018426184018608183,0.00029710400849580765,0.012852648040279746,0.0010559679940342903,0.00033802399411797523,0.3557516190339811,35,0,0,6,0,0
51,0.32509387499885634,0.016799478966277093,5.1010982133448124e-05,0.011259633000008762,0.0010487220133654773,0.0003298100200481713,0.3546095580095425,35,0,0,6,0,0
52,0.32895821100100875,0.01622263202443719,0.00022819999139755964,0.0128036750247702,0.001148577022831887,0.0004421030171215534,0.3598621339770034,35,0,0,6,0,0
53,0.33107354101957753,0.016554104979149997,0.00024325697449967265,0.012946018017828465,0.0010560790542513132,0.0003252939786761999,0.3622494009905495,35,0,0,6,0,0
54,0.31976456800475717,0.015756318985950202,0.0001637890236452222,0.011669378029182553,0.001094061997719109,0.0002861579996533692,0.34877583401976153,35,0,0,6,0,0
55,0.3281473689712584,0.017302807013038546,0.00038368295645341277,0.0133402330102399,0.00105489999987185,0.0003367249737493694,0.3606274409685284,35,0,0,6,0,0
56,0.32609628298087046,0.016923698014579713,0.0004088080022484064,0.01389470195863396,0.0010456530144438148,0.0003387949545867741,0.358772212988697,35,0,0,6,0,0
57,0.32581886200932786,0.016484602994751185,0.000377544027287513,0.014676050981506705,0.001923933974467218,0.0006160140037536621,0.3599572040257044,35,0,0,6,0,0
58,0.32597704796353355,0.019243956950958818,0.00046421296428889036,0.013236848986707628,0.0012543749762699008,0.00041190499905496836,0.36067341797752306,35,0,0,6,0,0
59,0.32551059301476926,0.016713824996259063,0.00023737800074741244,0.01288274402031675,0.001030982006341219,0.00033079396234825253,0.35675000498304144,35,0,0,6,0,0
60,0.32625727099366486,0.016199477948248386,0.00022524798987433314,0.01342833403032273,0.0010269309859722853,0.0003253439790569246,0.35751340800197795,35,0,0,6,0,0
61,0.32334395399084315,0.016005273966584355,0.0002791029983200133,0.012347560958005488,0.0010408410453237593,0.00033996504498645663,0.3534209320205264,35,0,0,6,0,0
62,0.3278949669911526,0.014147830952424556,7.865799125283957e-05,0.011045274964999408,0.0009120129980146885,0.0002963669830933213,0.35440878494409844,35,0,0,6,0,0
63,0.33022434497252107,0.015526675968430936,0.00022817798890173435,0.01276611996581778,0.0010290250065736473,0.00033441302366554737,0.36014907900244,35,0,0,6,0,0
64,0.32612127100583166,0.01569950202247128,0.000228976015932858,0.012803436955437064,0.00103176903212443,0.0003462790045887232,0.35627481096889824,35,0,0,6,0,0
65,0.32480610499624163,0.01668207097100094,0.000275310012511909,0.012511894048657268,0.001032338012009859,0.00034812098601832986,0.355700156011153,35,0,0,6,0,0
66,0.3253241169732064,0.01587944704806432,0.0003347449819557369,0.013144799042493105,0.001027143036480993,0.00033298396738246083,0.3560908809886314,35,0,0,6,0,0
67,0.3311273669824004,0.01806010998552665,0.00022754399105906487,0.013061878038570285,0.0008786659454926848,0.00031649303855374455,0.36371622601291165,35,0,0,6,0,0
68,0.3146575069986284,0.013406059995759279,9.309500455856323e-05,0.010256460984237492,0.00045768002746626735,0.00015765498392283916,0.33905423898249865,35,0,0,6,0,0
69,0.3273305050097406,0.015523062960710377,0.00022533000446856022,0.013854217948392034,0.0019127930281683803,0.0006288200384005904,0.3595186389866285,35,0,0,6,0,0
70,0.33103913901140913,0.01584422099404037,0.0002274269936606288,0.012900900968816131,0.0010168389999307692,0.0003339489921927452,0.361402350012213,35,0,0,6,0,0
71,0.32626028900267556,0.01631964702391997,0.00023522897390648723,0.012754472030792385,0.0010313469683751464,0.0003340800176374614,0.3569814899819903,35,0,0,6,0,0
72,0.3250649349647574,0.015053318988066167,0.0002188670332543552,0.012929574004374444,0.0010520030045881867,0.00037576700560748577,0.3547317630145699,35,0,0,6,0,0
73,0.32602650398621336,0.015490940015297383,0.00023417302872985601,0.012899365974590182,0.001027094025630504,0.00033814902417361736,0.35606416198424995,35,0,0,6,0,0
74,0.31392000295454636,0.012749304994940758,0.00016980798682197928,0.011778098996728659,0.0010558239882811904,0.000359601981472224,0.3400599980377592,35,0,0,6,0,0
75,0.3270158949890174,0.017408981977496296,0.000398385978769511,0.014220256998669356,0.0019132979796268046,0.0006464360048994422,0.3616672999924049,35,0,0,6,0,0
76,0.3269762620329857,0.014860690978821367,0.00026435498148202896,0.012129802023991942,0.0004625659785233438,0.00014130095951259136,0.35488152102334425,35,0,0,6,0,0
77,0.32543184398673475,0.016659521032124758,0.00023540400434285402,0.012993994983844459,0.0010355690028518438,0.0003604560042731464,0.3567573450272903,35,0,0,6,0,0
78,0.3271124190068804,0.016098147025331855,0.00023189099738374352,0.01285550300963223,0.001033604028634727,0.0003494220436550677,0.35772561002522707,35,0,0,6,0,0
79,0.33016792696435004,0.015892612980678678,0.00023204396711662412,0.012912845006212592,0.0010312909726053476,0.0003367090248502791,0.36062163300812244,35,0,0,6,0,0
80,0.3207960210274905,0.016245139006059617,7.94780207797885e-05,0.011927423998713493,0.0012631340068764985,0.0004073279560543597,0.35074917296878994,35,0,0,6,0,0
81,0.3253926479956135,0.01745156297693029,0.0002751729916781187,0.013301408034749329,0.0011095000081695616,0.0003686040290631354,0.35795391898136586,35,0,0,6,0,0
82,0.32517571904463693,0.015557803970295936,0.00023079197853803635,0.013502059038728476,0.001875396992545575,0.0006469130166806281,0.3570358020369895,35,0,0,6,0,0
83,0.32783861499046907,0.017041129991412163,0.0003891600063070655,0.01381656900048256,0.0019235950312577188,0.0007190380129031837,0.3617969260085374,35,0,0,6,0,0
84,0.3260105649824254,0.0162252529989928,0.00023907102877274156,0.013309875968843699,0.0010666989837773144,0.0003393840161152184,0.35723691602470353,35,0,0,6,0,0
85,0.326971958973445,0.015626382955815643,0.0002408009604550898,0.012726804008707404,0.0012829079641960561,0.0004223650321364403,0.35731589497299865,35,0,0,6,0,0
86,0.3207001489936374,0.016117444029077888,0.00027735100593417883,0.012954056030139327,0.0012437999830581248,0.0004184630233794451,0.3517605479573831,35,0,0,6,0,0
87,0.32564594596624374,0.01531031500780955,0.00022907496895641088,0.01273797603789717,0.0010511049767956138,0.00034420302836224437,0.3553614869597368,35,0,0,6,0,0
88,0.32008403103100136,0.01717706600902602,0.00023006502306088805,0.013233305013272911,0.0010609590099193156,0.00035660399589687586,0.3522157240076922,35,0,0,6,0,0
89,0.3253026580205187,0.01578632602468133,0.00022486003581434488,0.012869486003182828,0.0010424010106362402,0.00034531200071796775,0.35561836999841034,35,0,0,6,0,0
90,0.3256898560211994,0.015978295006789267,0.0002260530018247664,0.013885907013900578,0.001940349000506103,0.0004342150059528649,0.35820101300487295,35,0,0,6,0,0
91,0.3273555609630421,0.015874600037932396,0.00022728904150426388,0.012714816024526954,0.001038014015648514,0.00032485503470525146,0.35758265800541267,35,0,0,6,0,0
92,0.32507045299280435,0.0165960339945741,0.0004037749604322016,0.014270297018811107,0.0012415359960868955,0.0003952559782192111,0.3580398830235936,35,0,0,6,0,0
93,0.32913202996132895,0.01633888197829947,0.0002544379676692188,0.012596917047630996,0.0010493610170669854,0.00037407997297123075,0.35979050799505785,35,0,0,6,0,0
94,0.32687407301273197,0.018511925009079278,0.0004104180261492729,0.014388025971129537,0.0010462459758855402,0.0004056799807585776,0.3616963300155476,35,0,0,6,0,0
95,0.3253919319831766,0.016334052954334766,0.0002150519867427647,0.012757429969497025,0.0010348980431444943,0.000403993995860219,0.3561924729729071,35,0,0,6,0,0
96,0.3249580960255116,0.01544709800509736,0.00022918597096577287,0.01269381697056815,0.0010415910510346293,0.00034408498322591186,0.3547559940489009,35,0,0,6,0,0
97,0.32577926997328177,0.016548510000575334,0.00046941899927333,0.012845007004216313,0.0010281589929945767,0.00032294896664097905,0.35706142394337803,35,0,0,6,0,0
98,0.3173198419972323,0.015497647982556373,0.00022288202308118343,0.012716991011984646,0.0010264049633406103,0.0003401139983907342,0.3471651889849454,35,0,0,6,0,0
99,0.32555447396589443,0.01586729398695752,0.0002825430128723383,0.012404011038597673,0.0006167039973661304,0.00018802599515765905,0.35495714098215103,35,0,0,6,0,0
